category,fact,source_url
process,"1. Scheme With a view to provide income support to all landholding farmers’ families in the country, having cultivable land, the Central Government has implemented a Central Sector Scheme, namely, “Pradhan Mantri Kisan Samman Nidhi (PM-KISAN)”.",https://pmkisan.gov.in/Documents/RevisedPM-KISANOperationalGuidelines(English).pdf
amount,"2. Objective and Benefits The scheme aims to supplement the financial needs of all landholding farmers’ families in procuring various inputs to ensure proper crop health and appropriate yields, commensurate with the anticipated farm income as well as for domestic needs. Under the Scheme an amount of Rs.6000/- per year is released by the Central Government online directly into the bank accounts of the eligible farmers under Direct Benefit Transfer mode, subject to certain exclusions. 3. Definition of farmer’s family A landholder farmer’s family is defined as “a family comprising of husband, wife and minor children who owns cultivable land as per land records of the concerned State/UT”.  The existing land-ownership system will be used for identification of beneficiaries for calculation of benefit.",https://pmkisan.gov.in/Documents/RevisedPM-KISANOperationalGuidelines(English).pdf
amount,"4 Exclusions 4.1 The following categories of beneficiaries of higher economic status shall not be eligible for benefit under the scheme: (a) All Institutional Land holders; and (b) Farmer families in which one or more of its members belong to following categories : i) Former and present holders of constitutional posts ii) Former and present Ministers / State Ministers and former / present  Members of Lok Sabha / Rajya Sabha / State Legislative Assemblies / State Legislative Councils, former and present Mayors of Municipal Corporations, former and present Chairpersons of District Panchayats. iii) All serving or retired officers and employees of Central / State Government Ministries / Offices / Departments and their field units, Central or State PSEs and Attached offices / Autonomous Institutions under Government as well as regular employees of the Local Bodies (Excluding Multi Tasking Staff / Class IV / Group D employees) iv) All superannuated / retired pensioners whose monthly pension is Rs.10,000/- or more (Excluding Multi Tasking Staff / Class IV / Group D employees) v) All Persons who paid Income Tax in last assessment year. vi) Professionals like Doctors, Engineers, Lawyers, Chartered Accountants, and Architects registered with Professional bodies and carrying out profession by undertaking practices. (c) In case of new beneficiaries being uploaded on the PM-KISAN Portal, all land holding farmers’ families who are Non-resident Indians (NRIs) in terms of the provisions of the Income Tax Act, 1961 shall be excluded from any benefit under the Scheme. 4.2 For the purpose of exclusion State / UT Governments can certify the eligibility of the beneficiaries based on self declaration by the beneficiaries. In case beneficiary is not available / does not reside in the village, State / UT Governments may consider certification based on the declaration by other adult member of his / her family. In case of incorrect self declaration, beneficiary shall be liable for recovery of transferred financial benefit and other penal actions as per law.",https://pmkisan.gov.in/Documents/RevisedPM-KISANOperationalGuidelines(English).pdf
eligibility,"Benefit is paid only to farmers' families whose names are entered in land records. The cut-off date for determining eligibility is 01.02.2019, and no changes after this date are considered for the next 5 years, except when land ownership transfers due to succession after the landowner's death.",https://pmkisan.gov.in/Documents/RevisedPM-KISANOperationalGuidelines(English).pdf
eligibility,"If cultivable land ownership transfers due to succession following the landowner's death, the successor's family remains entitled to PM-KISAN benefits, subject to meeting the scheme's other conditions and exclusion criteria.",https://pmkisan.gov.in/Documents/RevisedPM-KISANOperationalGuidelines(English).pdf
amount,"If cultivable land ownership transferred between 01.12.2018 and 31.01.2019 due to purchase, succession, will, or gift, the first installment for that period is a proportionate amount calculated from the date of transfer.",https://pmkisan.gov.in/Documents/RevisedPM-KISANOperationalGuidelines(English).pdf
eligibility,"If cultivable land is sold or transferred to another person after 01.02.2019 for reasons other than inheritance, the new owner (transferee) is not eligible for benefits, since they did not own the land as of the cut-off date. If the original owner's family has no remaining cultivable land after the transfer, they also become ineligible.",https://pmkisan.gov.in/Documents/RevisedPM-KISANOperationalGuidelines(English).pdf
documents,"State/UT Governments are responsible for correcting land records to reflect inheritance-based ownership changes, and for updating the PM-KISAN portal so benefits continue for eligible successors or are discontinued for families no longer eligible.",https://pmkisan.gov.in/Documents/RevisedPM-KISANOperationalGuidelines(English).pdf
eligibility,"In some North-Eastern states with community-based land ownership (e.g. Manipur, Nagaland), alternate certification via village council/chief, verified by administrative officers, is used to identify eligible beneficiaries instead of standard land records, subject to the scheme's usual exclusion criteria. A similar lineage-based (Vanshavali) verification process applies in Jharkhand.",https://pmkisan.gov.in/Documents/RevisedPM-KISANOperationalGuidelines(English).pdf
documents,"6. Strategy for Implementation 6.1 The States shall prepare database of eligible beneficiary land holder farmer families in the villages capturing the Name, Age, Gender, Category (SC/ST), Aadhaar Number, Bank Account Number and the Mobile Number of the beneficiaries. Responsibility of identifying the land holder farmer family eligible for benefit under the scheme shall be of the State / UT Government. In case of beneficiaries in States of Assam, Meghalaya, J&K where Aadhaar number has not been issued to most of the citizens, Aadhaar number shall be collected for those beneficiaries where it is available and for others alternate prescribed documents such as Driving Licence, Voters’ ID Card, NREGA Job Card, or any other identification documents issued by Central / State / UT Governments or their authorities, etc. can be collected for identity verification purposes. These three States have been exempted from the requirement of Aadhaar number till 31.3.2021. In the meantime these States will complete Aadhaar enrolment. States / UTs shall ensure that there is no duplication of the payment transferred to eligible families. Speedy reconciliation in case of wrong / incomplete bank details of the beneficiary should be ensured. 6.2  For the purpose of exclusion States have to take a self-declaration from the beneficiaries as detailed in par 4.2 above. In the said self-declaration taken by the States / UT Governments an undertaking should also be included wherein the consent of the beneficiaries should be taken for using the Aadhaar number for verification of his eligibility for the scheme with the concerned agencies.  This consent of the beneficiary should be “to agree that the department responsible for implementation of the Pradhan Mantri Kisan Samman Nidhi Yojana in Union Government or the State Government / Union Territory Administration can use the beneficiary Aadhaar number and other information provided in the declaration to verify the eligibility of the beneficiary for scheme as per extant scheme guidelines with the concerned agencies”. 6.3 The existing land-ownership system in the concerned State / UT will be used for identification of beneficiaries. Accordingly, it is of utmost importance that the land records are clear and updated. Further, State / UT Governments would also expedite the progress of digitization of the land records and linking the same with Aadhaar as well as bank details of the beneficiaries. 6.4 The lists of eligible beneficiaries would be published at the village level. Farmers’ families who are eligible but have been excluded should be provided an opportunity to represent their case.",https://pmkisan.gov.in/Documents/RevisedPM-KISANOperationalGuidelines(English).pdf
process,"7. Review, Monitoring and Grievance Redressal Mechanism 7.1 There will be stratified review / monitoring mechanism at National, State and District Level. At the National level, the Review Committee will be headed by Cabinet Secretary. The States shall notify the State and District Level Review / Monitoring Committee. 7.2 The States shall also notify State and District Level Grievance Redressal Monitoring Committees for looking into all the grievances related to implementation of the scheme. Any grievances or complaints which are received should be disposed off on merit preferably within two weeks time.",https://pmkisan.gov.in/Documents/RevisedPM-KISANOperationalGuidelines(English).pdf
process,"A Project Monitoring Unit (PMU) at the central level, under the Department of Agriculture, Cooperation & Farmers Welfare, is responsible for overall monitoring and publicity of the scheme. State/UT Governments may set up similar units, partly funded (0.125% of transferred installment amounts) by the Central Government for administrative expenses.",https://pmkisan.gov.in/Documents/RevisedPM-KISANOperationalGuidelines(English).pdf
documents,"The PM-KISAN Portal (pmkisan.gov.in) is used by State/UT Governments to upload beneficiary details. Required farmer attributes include State, District, Village, Farmer Name, Aadhaar Number (or enrollment number), Gender, Category, IFSC Code, and Bank Account Number; optional attributes include Father's Name, Address, Mobile Number, and Date of Birth.",https://pmkisan.gov.in/Documents/RevisedPM-KISANOperationalGuidelines(English).pdf
amount,"The Rs.6000/year benefit is released in 3 installments of Rs.2000 each every 4-month trimester: April-July, August-November, and December-March.",https://pmkisan.gov.in/Documents/RevisedPM-KISANOperationalGuidelines(English).pdf
documents,"Benefit transfer requires an Aadhaar-linked bank account. Aadhaar number is mandatory for all beneficiaries for installments from the December 2019-March 2020 trimester onwards, except Assam, Meghalaya, and Jammu & Kashmir, which were exempted till 31.3.2021.",https://pmkisan.gov.in/Documents/RevisedPM-KISANOperationalGuidelines(English).pdf
process,"The financial benefit is transferred via Direct Benefit Transfer (DBT) from the Central Government through the states' designated sponsoring banks to beneficiaries' bank accounts, using the PFMS (Public Financial Management System) portal. Beneficiaries are notified of credited amounts via SMS.",https://pmkisan.gov.in/Documents/RevisedPM-KISANOperationalGuidelines(English).pdf
process,Beneficiary lists are displayed at Panchayats for transparency. States/UTs are expected to check the eligibility of around 5% of beneficiaries during the year.,https://pmkisan.gov.in/Documents/RevisedPM-KISANOperationalGuidelines(English).pdf
eligibility,"11. Validity of the list of beneficiaries The list of beneficiaries identified by States / UTs shall be valid for one year. However, States / UTs can upload names of eligible beneficiaries who have been identified subsequently. States / UTs should also implement a mechanism to ensure revision of the name of the beneficiary in case of mutation /changes in the land record after uploading list on the portal for updation of the eligible beneficiary details for such lands as per above para 5.3.",https://pmkisan.gov.in/Documents/RevisedPM-KISANOperationalGuidelines(English).pdf
process,"What is Pradhan Mantri Kisan Samman Nidhi ? Pradhan Mantri Kisan Samman Nidhi (PIV-KISAN) is a new Central Sector Scheme to provide income support to all landholding farmers' families in the country to supplement their financial needs for procuring various inputs related to agriculture and allied activities as well as domestic needs. Under the Scheme, the entire financial liability towards transfer of benefit to targeted beneficiaries will be borne by Government of Ind ia.",https://pmkisan.gov.in/Documents/RevisedFAQ.pdf
process,"Whether the benefits of the scheme are admissible to only Small & Marginal Farmers' (SMF) families? No. ln the beginning when the PtV-Kisan Scheme was launched on 24i\ February, 2019, its benefits were admissible only to Small & I/larginal Farmers' (SI\4F) families, with combined landholding upto 2 hectare. The Scheme was later on revised w.e.f. 1 .6.2019 and extended to all farmer families irrespective of the srze of their landholdings The PM-Kisan Scheme was launched by the Hon'ble Prime Minister on 24th February, 2019",https://pmkisan.gov.in/Documents/RevisedFAQ.pdf
deadline,From which date the Scheme has come into effect? The scheme takes effect from 01 .12.2018,https://pmkisan.gov.in/Documents/RevisedFAQ.pdf
eligibility,"Who are eligible to get benefits under the Scheme? All landholding farmers' families, which have cultivable landholding in their names are eligible to get benefit under the scheme",https://pmkisan.gov.in/Documents/RevisedFAQ.pdf
eligibility,"Who are not eligible to get benefits under the Scheme? All serving or retired officers/employees of Central/State Government Ministries/Offices/Departments and PSEs (excluding Multi Tasking Staff/Class IV/Group D employees), Institutional Land holders, income tax payers in the last assessment year, and registered professionals (Doctors, Engineers, Lawyers, Chartered Accountants, Architects) are not eligible for PM-KISAN benefits.",https://pmkisan.gov.in/Documents/RevisedFAQ.pdf
amount,"When was the scheme launched? Scheme (a) All lnstitutional Land holders; and (b) Farmer families in which one or more of its members belong to following categories:- i. Former and present holders of constitutional posts ii. Former and present ltlinisters/ State Ministers and former/present Members of Lok sabha/ Rajya sabha/ state Legislative Assemblies/ State Legislative councils, former and present tt/ayors of Municipal corporations, former and present Chairpersons of District Panchayats. iii. All serving or retired officers and employees of Central/ State Government tvliniitries /Offices/Departments and its field units Central or State PSEs and Attached offices /Autonomous lnstitutions under Government as well as regular employees of the Local Bodies (Excluding Multi Tasking staff / Class lV/Group D employees) iv. All su pe ran n uated/retired pensioners Rs.10,000/-or more(Excluding Ir/ulti Tasking em ployees) All Persons who paid lncome Tax in last assessment year vi. Professionals like Doctors, Engineers' Lawyers, Chartered Accountants, and Architects registered with Professional bodies and carrying out profession by undertaking practices.",https://pmkisan.gov.in/Documents/RevisedFAQ.pdf
amount,"How many times the benefit will be given in a year? Under the Plv-KlsAN scheme, all landholding farmers' families shall be provided the financial benefit of Rs.6000/- per annum per family payable in three equal installments of Rs.200O/- each, every four months. The period of 1't installment under the scheme is from 01 .12 2O18 to 31 03 2019, that of 2nd installment from 01 04.2019 to 31 07 .2019,3'd installment from 01 08.2019 to 30 11 2019, and so on",https://pmkisan.gov.in/Documents/RevisedFAQ.pdf
eligibility,"Whether an employee of the Central/State Government / PSU / Autonomous Organization, etc., who holds cultivable land in his/her own name in villages, is eligible to get the benefit under the scheme? No. All serving or retired officers and employees of central / state Government lVlinistries / Offices / Departments and their field units, Central or State PSEs and Attached offices / Autonomous lnstitutions under Government as well as regular employees of the Local Bodies are not eligible to get benefit under the scheme whose monthly Pension Staff / Class lV/GrouP IS D However servrn or retired tvlu lti Taskin Staff I\NTS / Class lV / Grou Dem lo S are eligible to get benefit under the Scheme, provided their families are otherwise eligible and not covered under other exclusion criteria.",https://pmkisan.gov.in/Documents/RevisedFAQ.pdf
eligibility,"Will any individual or farmer family owning more than 2 hectare of cultivable land get any benefit under the scheme? Yes. The ambit of the scheme has been extended to cover all farmer families, irrespective of the size of their land holdings.",https://pmkisan.gov.in/Documents/RevisedFAQ.pdf
eligibility,"What will happen if the beneficiary gives incorrect declaration for the implementation of the Scheme? ln case of incorrect declaration, the beneficiary shall be liable for recovery of transferred financjal benefit and other penal actions as per law.",https://pmkisan.gov.in/Documents/RevisedFAQ.pdf
deadline,"What is the cutoff date for determination of eligibility of beneficiaries under the scheme? The cut-off date for determination of eligibility of beneficiaries under the scheme is 01 .02.2019 and no changes thereafter shall be considered for eligibility of benefit under the scheme for next 5 years, except transfer of land on succession in case of death of landholder. 13. Whether the scheme benefits will be allowed in cases where transfer of ownership of cultivable land takes place after the cut-off date of 01.02.2019 on account of succession due to death of the landowner? Yes. The Scheme benefits will be allowed in all such cases where transfer of ownership of cultivable land has taken place after the cut-off date of 01.02.20'19 on account of succession due to death of the landowner. 15. ls an income tax payee farmer or his / her spouse eligible to get benefit under the scheme?",https://pmkisan.gov.in/Documents/RevisedFAQ.pdf
deadline,"Whether transfer of ownership occurred between 01.12.2018 and 31.01.2019 are eligible for consideration? ln cases where transfer of ownership of cultivabie land has happened between 01 .12.2018 and 31.01 .2019 due to any reasons such as purchase, successlon, will, gift, etc., the first installment during the financial year (2018-19) shall be of proportionate amount from date of transfer till 31 .03.2019 with respect to the 4 months period, provided the families are otherwise eligible as per scheme guidelines. No. rf an member of the famil is income tax a ee in last assessment ear, then the family is not eligible for benefit under the scheme",https://pmkisan.gov.in/Documents/RevisedFAQ.pdf
eligibility,"What is the definition of 'family' under the Scheme? A landholder farmer's family is defined as ""a family comprising of husband, wife and minor children who own cultivable land as per the land records of the concerned State/UT"". The existing land-ownership system will be used for identification of beneficiaries for calculation of benefit. 17. ls any person / farmer who is not having land holding in his / her own name, but is cultivating land owned by his / her father / forefathers is eligible to get benefit under the Scheme? No. The land must be in his / her own name. lf the land ownership has been transferred in his / her name on account of succession then he / she will be eligible. No. Land holding is the sole criteria to avail the benefit under the Scheme",https://pmkisan.gov.in/Documents/RevisedFAQ.pdf
eligibility,How the beneficiaries under the Scheme will be identified and shortlisted for payment of intended benefit? The responsibility of identifying the eligible farmers' families for benefit under the scheme is entirely of the State/UT Governments. The prevailing land-ownership system / record of land in different States/Union Territories will be used to identify the intended beneficiaries for transfer of scheme benefits.,https://pmkisan.gov.in/Documents/RevisedFAQ.pdf
documents,"What is the mandatory information required to be submitted on PM-KISAN portal for the transfer of benefits? The following informatron / documents are requlred to be furnished by the farmers for enrollment under PI\/-Kisan Scheme (i) Name, Age, Gender and Category (SC/ST) (ii) Aadhaar Number [except in case of farmers in the States of Assam, lr/eghalaya and J&K (now UTs of J&K and Laddakh), where Aadhaar number has not been issued to most of the citizens, and therefore these States have been exempted from the requirement till 31't N/arch, 2020. ln these States / UTs, Aadhaar number shall be collected for those beneficiaries where it is available and for others alternate prescribed documents can be collected for identity verification purposes by the States/UT Governments, like Aadhaar Enrollment 18. ls any person / farmer who is cultivating a land but is not having the land holding in his / her own name, for example tenant farmers, is eligible to get benefit under the Scheme? (iii) (iv) Number and / or any other prescribed documents for purposes of the identification such as Driving Licence, Voters' lD Card, NREGA Job Card, or any other identification documents issued by Central/State/UT Governments or their authoritres, etc.) Bank Account Number and IFSC Code. [\tlobile number - though it is not mandatory but it is advised that when available it may be provided so that the information related to transfer of benefit can be communicated.",https://pmkisan.gov.in/Documents/RevisedFAQ.pdf
eligibility,"How does a landholder farmers'family know that his / her name is included in the list of beneficiaries? The beneficiary lists would be displayed at Panchayats to ensure greater transparency and information. Further, States/UTs would notify the sanction of benefit to the beneficiary through system generated SlVlS. He / she can also ascertain his status through the Farmers Corner in the PIV-Kisan portal.",https://pmkisan.gov.in/Documents/RevisedFAQ.pdf
amount,"What is the remedy available for eligible beneficiary if his/her name is not included in the list of beneficiaries? All such farmer families whose names are not included in the list of beneficiaries can approach the District Level Grievance Redressal Monitoring Committee in their Districts for inclusion of their names in the beneficiary list. Further, the Government has created an exclusive Farmers' Corner in the PM-KISAN web-portal www.pmkisan.gov.in giving the following facilities to the farmers through three separate options / links:- New Farmer's Registration - Through this link, the farmers can submit their details online. The online Form has certain mandatory fields as well self-declaration regarding the eligibility. Once the Form is filled in and submitted successfully by the farmer, the same is forwarded by an automated process to the State Nodal Officer (SNO) for verification. The SNO verifies the details filled in by the farmer and uploads the verified data on the PM-KISAN portal. Thereafter the data is processed through an established system for payment. Edit Aadhaar details - Through this link the farmer can edit his/ her name himself/ herself as per details in the Aadhaar Card. The edited name then gets updated after authentication through the system. (ii) (iii) Beneficiary Status - Through this link, by quoting their Aadhaar Number or Bank Account Number or the registered Mobile Number, the beneficiaries can themselves ascertain the status of payment of their installments. 23. ln case of landholding owned by family members are spread across different revenue records in the same or different villa how thees, districts States (i) ln such cases, the farmer's family will entitled to get the benefit at one place only. The State Nodal Officers (SNOs) will ensure that no duplicate payments are released to any family. benefit will be transferred to the family? 24. lf there are multiple farmers' families whose names are recorded on a single landholding whether each farmer's family is eligible to get benefit of the scheme? lf so, what is the quantum of minimum financial benefit that such families will get under the scheme? Each of such farmer family would be separately eligible for the benefit under the scheme upto the extent of Rs. 6000 provided they are otherwise eligible as per scheme guidelines.",https://pmkisan.gov.in/Documents/RevisedFAQ.pdf
eligibility,Will be monetary benefit under the Scheme be directly credited into beneficiary accounts? Yes. The financial benefit under the scheme shall be directly credited into bank accounts of beneficiaries.,https://pmkisan.gov.in/Documents/RevisedFAQ.pdf
documents,"Whether it details? is compulsory for beneficiaries to give their bank account Yes, the beneficiaries are required to provide their bank account details along with their Aadhaar number so as to credit the financial benefit under the scheme directly into their bank accounts. No benefit can be given if bank account details have not been provided.",https://pmkisan.gov.in/Documents/RevisedFAQ.pdf
documents,"Whether giving Aadhaar details is mandatory for availing benefit under the Scheme? Aadhaar number was optional and not mandatory for release of 1st installment pertaining to the period 01 .12.2018 to 31.03.2019, whereas only possession of Aadhaar number was made mandatory for release of 2nd installment pertaining to the period 01 .04.2019 to 31 .07.2019. Further, Aadhaar seeding of beneficiaries' data was made mandatory for release of 3'o installment pertaining to the period 01.08.2019, and for subsequent installments onwards. Recently, however, Government has relaxed the mandatory requirement of Aadhaar seeding of beneficiaries' data upto 30.1 1.20'19. This mandatory requirement of Aadhaar seeding of the beneficiaries' data would continue to applicable for release of all installments w.e.f . O1 .12.2019. However, Assam, Meghalaya and Jammu & Kashmir, where Aadhaar penetration has not been much, have been given exemption from this mandatory requirement till 31.03.2020.",https://pmkisan.gov.in/Documents/RevisedFAQ.pdf
eligibility,"Can States/UTs rovide certified lists of beneficiaries on the PM KISAN I Portal in phases or in batches as and when they are finalized? Yes, States/UTs can provide list of eligible beneficiaries as and when they are finalized based on the eligibility criteria in batches/ph rases. The benefits will be released on regular basis based on the approved list provided by the States/UTs.",https://pmkisan.gov.in/Documents/RevisedFAQ.pdf
eligibility,"Whether farmers in villages situated in urban areas are eligible for the benefit of the Scheme? There is no distinction between urban and rural cultivable land under the scheme. Both are covered under the scheme, provided that land situated in urban areas is under actual cultivation.",https://pmkisan.gov.in/Documents/RevisedFAQ.pdf
eligibility,"Whether micro land holdings are admissible for availing the benefit of the Scheme? Micro land holdings, which are not cultivable, are excluded from the benefit under the scheme.",https://pmkisan.gov.in/Documents/RevisedFAQ.pdf
eligibility,What is the prescribed mechanism for validation of information / declaration furnished by the beneficiaries? The State/UT Governments are free to decide about the appropriate mechanism / authority for validation of information / declaration furnrshed by the beneficiary.,https://pmkisan.gov.in/Documents/RevisedFAQ.pdf
deadline,What is the cut-off date for 'minor' children becoming 'major' under the Scheme? The cuLoff date for'minor' children becoming 'major' is 01 .02.2019,https://pmkisan.gov.in/Documents/RevisedFAQ.pdf
process,Whether farmers may avail the benefit of the Scheme against agricultural land being used for non -ag ricu ltu ral purposes? No. Agricultural land being used for non-agricultural purposes will not be covered for benefit under the scheme.,https://pmkisan.gov.in/Documents/RevisedFAQ.pdf
eligibility,"What is the procedure of release of installments to the beneficiaries? a) An exclusive web-portal, namely, www. pmkisan.qov. in has been created for uploadrng of beneficiaries' data by the State / UT Governments. b) The eligible farmers may apply with the village Patwaris, revenue officials or other designated officers / agencies and submit their required details to them. c) Nodal Officers appointed by State / UT Governments at Block lfduk I District level process the data and transfer them to State Nodal Officers (SNOs). d) State Nodal Officers finally authenticate the data and upload them in batches from time{o-time on the portal. asses throu haThe data of beneficiaries u loaded b I the State Nodal Officers multi-level verification by the National lnformatics Centre (NlC), the Public Finance Management System (PF[MS) and the banks. f,1 Based on the verified / validated data the SNOs sign the Request For Transfer (RFT) of fund containing the total number of beneficiaries contained in a particular batch and total amount of fund to be transferred for that batch, and upload it on the portal. g) Based on the RFT, the PFMS issues a Fund Transfer Order (FTO). h) Based on the FTO, the Department of Agriculture, Cooperation & Farmers Welfare rssues the sanction order for the amount mentioned in the FTO. g) The amount is transferred to the bank accounts of the beneficiaries, held in destination banks, through the accredited bank of Department and the sponsoring bank of the State/UT Governments, using the PFIMS portal. The destination bank can be a Schedule Bank, Post office, Rural Bank, Cooperative Bank or any other Frnancial lnstitution. The entire banking transaction is managed and monitored by the National Payment Corporation of lndia (NPCI).",https://pmkisan.gov.in/Documents/RevisedFAQ.pdf
documents,"If a farmer registered under the Scheme does not receive any installment in any 4-monthly period for any reason, whether he / she will be able to receive the same later on? Yes. The beneficiaries, whose names are uploaded on P[\/-Kisan portal by the concerned State / UT Governments in a particular 4-monthly period, shall be entitled to receive the benefit for that period with effect from that 4-monthly period itself. lf they do not receive the payment of installment pertaining to that 4-monthly period and subsequent installments for any reason, except due to rejection for falling within the exclusion criteria, they are entitled to receive the benefits of all the due installments as and when the cause of delay is removed / resolved. For example, if an eligible farmer's name has been uploaded on the PIV-KISAN portal by the State / UT Government during the 4-monthly period of December. 2018 - l\/arch, 2019, he/she is entitled to get the installment pertaining to December, 2018 - lVarch, 20'19 period, and also all subsequent installments. Further. if the eligible farmer's name is uploaded on the PIV- KISAN portal during the 4-monthly period of April-July, 2019, he/she is entitled to get the installment pertarning to April-July, 2019 period and also all subsequent installments. lVlany beneficiaries, who have received installments pertaining to December, 2018 - IMarch, 2019 period and April-July, 2019 period were not able to receive the installment pertaining to August,-November, 2019 period. The reason for this delay was the mandatory requirement of release of all installments pertaining to the 4-monthly period August-November, 2019 and onwards only on the basis of Aadhaar seeded data of beneficiaries. This work of Aadhaar seeding of data of beneficiaries had not been completed by many State / UT Governments. Therefore, the Central Government uirement till 30th November, 2019. The State / UTrelaxed this mandato re I Governments are required to complete the work of Aadhaar seeding of 100% beneficiaries by 30th November, 2019, so that the beneficiaries are able to receive the installment pertaining to the 4-monthly period of December, 2019 - March, 2020, and all subsequent installments. Beneficiaries in the States of Assam, Meghalaya and J&K (now UTs of J&K and Laddakh) have been exempted from all Aadhaar related requirements till 31't IVIarch, 2020, by which time these States are also required to complete the process of Aadhaar enrollment of all eligible farmers as well as Aadhaar seeding of their data under this Scheme.",https://pmkisan.gov.in/Documents/RevisedFAQ.pdf
process,"There is no distinction between urban and rural cultivable land and under the scheme. Both are covered under the scheme, provided that land situated in urban areas is under actual cultivation.",https://pmkisan.gov.in/Documents/ADDITIONAL-FAQ-IN-RESPECTIVE-OF-THE-PM2.pdf
eligibility,"Micro land holdings, which are not cultivable, are excluded from the benefit under the scheme.",https://pmkisan.gov.in/Documents/ADDITIONAL-FAQ-IN-RESPECTIVE-OF-THE-PM2.pdf
eligibility,State Government to decide about the mechanism / authority for validation if information / declaration furnished by the beneficiary.,https://pmkisan.gov.in/Documents/ADDITIONAL-FAQ-IN-RESPECTIVE-OF-THE-PM2.pdf
deadline,The cut-off date for `minor` children becoming `major’ is 1.2.2019.,https://pmkisan.gov.in/Documents/ADDITIONAL-FAQ-IN-RESPECTIVE-OF-THE-PM2.pdf
process,Agricultural land being used for non -agricultural purpose will not be covered for benefit under the scheme.,https://pmkisan.gov.in/Documents/ADDITIONAL-FAQ-IN-RESPECTIVE-OF-THE-PM2.pdf
