question_id,pipeline,answer
1,plain,"Haan, aap PM-KISAN ke liye eligible ho. Pehle toh scheme sirf small aur marginal farmers ke liye tha, lekin ab sabhi farmer families ko benefit milta hai, chahe unke paas kitni bhi zameen ho. Bas micro land holdings jo cultivable nahi hai, unko exclude kiya gaya hai. Aapke paas 1 acre zameen hai, toh aapke liye scheme open hai."
2,plain,"Nahin, PM-KISAN scheme sirf un kisano ke liye nahin hai jinke paas apni zameen hai, lekin ismein kya kiraye ki zameen wale apply kar sakte hain iske baare mein scheme ke context mein koi jankari nahin di gayi hai. Scheme ke mutabik, ismein landholding farmers' families ko financial benefit diya jaata hai, lekin yeh nahin bataya gaya hai ki kiraye ki zameen wale ismein shaamil hain ya nahin."
3,plain,"Arre, yeh to context mein clearly nahi likha hai ki government employee hone se PM-KISAN ka fayda milta hai ya nahi. Bas itna likha hai ki shuruat mein sirf small aur marginal farmers ke liye tha, lekin baad mein sabhi farmer families ko include kar liya gaya. Lekin exclusion criteria ke baare mein kuch nahi likha hai, to hum keh nahi sakte ki government employee hone se fayda milega ya nahi."
4,plain,"PM-KISAN ke liye minimum landholding requirement nahin hai. Pehle scheme launch hua tha sirf Small & Marginal Farmers' (SMF) families ke liye, jinke paas 2 hectare tak ki landholding thi, lekin baad mein scheme revise kiya gaya aur ab yeh scheme sabhi farmer families ke liye hai, chahe unke paas kitni bhi landholding ho."
5,plain,"PM-KISAN ki agarli installment kab tak aayegi, iske baare mein to exact date nahi di gayi hai, lekin yeh scheme ke mutabik 4 monthly period mein 3 equal installments of Rs.2000 each di jaati hai. Toh agar aapke paas pehli installment aa chuki hai, toh agli installment 4 month ke baad aayegi."
6,plain,Context mein naye kisan registration ke liye last date ka ullekh nahi hai.
7,plain,PM-KISAN ke liye eKYC complete karne ki deadline ke bare mein is context mein koi jankari nahin hai.
8,plain,"PM-KISAN scheme mein ek saal mein total 6000 rupees milta hai, jo ki 3 installments mein diya jata hai, har installment mein 2000 rupees."
9,plain,"Har installment mein 2000 rupees transfer hote hain. Total 6000 rupees per annum per family diya jata hai, jo 3 equal installments mein diya jata hai, har 4 mahine mein 2000 rupees."
10,plain,"Haan, PM-KISAN scheme ke hisab se, sabhi states ke kisano ke liye amount same hai, jo ki Rs. 6000 per annum per family hai, jo ki 3 equal installments mein diya jata hai, har installment Rs. 2000 ka hota hai."
11,plain,"Haan, agar aapka application late approve hua hai, to bhi aapko pichle installments mil sakte hain. PM-KISAN scheme ke hisaab se, agar aapka naam portal par upload ho gaya hai, to aapko us 4-monthly period ke liye installment mil sakta hai, aur agle installments bhi mil sakte hain jab tak ki delay ka kaaran resolve ho jaye."
12,plain,"PM-KISAN ke liye aapko name, age, gender, category (SC/ST), Aadhaar number (Assam, Meghalaya, J&K ke alawa), bank account number, IFSC code, aur kuchh anya identification documents jaise ki driving licence, voter ID card, NREGA job card chahiye. Mobile number bhi dena hai, lekin woh mandatory nahi hai."
13,plain,"Aadhaar card PM-KISAN ke liye mandatory hai, lekin Assam, Meghalaya, aur Jammu & Kashmir ke kuch cases mein exemption di gayi hai. Jab tak aapke paas Aadhaar card nahi hai, toh aapko doosre documents jaise ki driving license, voter ID card, ya NREGA job card bhi submit karne pad sakte hain. Lekin generally, Aadhaar card mandatory hai PM-KISAN ke benefits ke liye."
14,plain,"Land ownership proof ke liye aapko apna land ka document dena hota hai, jaise ki land record ya ownership certificate. PM Awas Yojana mein to yeh clearly likha hai ki beneficiaries ko ownership proof of land dena hota hai, aur PM-KISAN mein bhi land records ka mention hai, jahan par land ownership ki details hoti hain."
15,plain,"Bank account details verify karne ke liye aapko apna bank account number aur IFSC code submit karna padta hai. Iske alawa, aapko apna Aadhaar number bhi submit karna padta hai, lekin Assam, Meghalaya, aur Jammu & Kashmir ke liye yeh zaruri nahi hai, kyunki wahan par Aadhaar number har kisi ke paas nahi hai."
16,plain,"Ayushman Bharat card banwane ke liye jo beneficiaries Haryana Mukhyamantri Antyodaya Parivar Utthan Yojana ke under aate hain, unka annual family income 1.80 lakh se kam hona chahiye, toh ve eligible hain. Unhe koi request letter ya entitlement letter dena nahi padta, bas Ayushman Kiosk ya Common Services Centers (CSC) se apna Ayushman Bharat card le sakte hain."
17,plain,"Ayushman Bharat Pradhan Mantri Jan Arogya Yojana ke beneficiaries ke bare mein diya gaya context sirf unlogon ke bare mein batata hai jo SECC-2011 database mein specific categories mein aate hain, aur Haryana Mukhyamantri Antyodaya Parivar Utthan Yojana ke beneficiaries jinki annual family income 1.80 lakh se kam hai. Private sector employees ke bare mein koi jankari nahi di gayi hai, isliye hum keh nahi sakte ki ve iska labh le sakte hain ya nahi."
18,plain,"Nahi, agar aapki family SECC list mein nahi hai toh aap Ayushman Bharat Pradhan Mantri Jan Arogya Yojana ke liye apply nahi kar sakte. Scheme ke mutabik, sirf unhi families ko benefit milega jinke naam SECC-2011 database mein hain."
19,plain,"Nahin, Ayushman Bharat scheme sirf BPL families ke liye nahi hai. Ismein un logon ko bhi cover kiya jaata hai jo SECC-2011 database mein specific categories mein aate hain. Aur Haryana mein, jo log Mukhyamantri Antyodaya Parivar Utthan Yojana ke beneficiaries hain, unki annual family income agar 1.80 lakh se kam hai, to unhe bhi Ayushman Bharat ka labh mil sakta hai."
20,plain,"Ayushman card banwane ki koi last date toh mentioned nahi hai, so aap kabhi bhi apna Ayushman card banwa sakte hain, Ayushman Kiosk ya Common Services Centers (CSC) se."
21,plain,"Sorry, context mein iska jawab nahi hai. Context mein sirf Ayushman Bharat ke bare mein kuch jaankari hai, jismein grievance raise karne ki website link di gayi hai, hospital dwara additional charge na lene ki baat kahi gayi hai, aur priority beneficiaries ke bare mein bataya gaya hai. Lekin treatment claim submit karne ki time limit ke bare mein koi jaankari nahi hai."
22,plain,"Ayushman Bharat Pradhan Mantri Jan Arogya Yojana ke context mein, ismein card renewal ke bare mein kuch specific information nahi hai. Lekin yeh bataya gaya hai ki aap national portability basis par benefits le sakte hain, lekin card renewal ke liye koi specific details nahi diye gaye hain."
23,plain,"Ayushman Bharat mein per family 5 lakh rupye tak ka health cover milta hai, jo ki family floater basis pe hai, matlab ki ye amount ek ya sabhi family members use kar sakte hain."
24,plain,"Ayushman Bharat ke bare mein aapne sawal kiya hai, lekin diya gaya context iska jawaab nahin deta. Diye gaye context mein sirf Ayushman Bharat ke udeshya ke baare mein bataya gaya hai, lekin iske bare mein koi jaankari nahin hai ki yeh cover ek baar ke liye hai ya har saal renew hota hai."
25,plain,"Ayushman Bharat ke tahat treatment ka poora kharcha cover hota hai, lekin sirf 5 lakh tak. Agar kharcha 5 lakh se zyada hota hai, toh uske baad ka kharcha aapko khud dena padta hai."
26,plain,"Nahin, context mein aisa koi information nahi hai ki cover amount har state mein alag hota hai. Sab jagah Rs. 5,00,000 per family per year ka cover diya jaata hai."
27,plain,"Ayushman Bharat card banwane ke liye aapko PM/CM entitlement letter, Ration Card, aur Aadhaar Card chahiye, lekin Aadhaar Card sirf identification ke liye hai."
28,plain,"Ration card ek zaroori document hai Ayushman Bharat Pradhan Mantri Jan Arogya Yojana ke liye, jiske liye eligibility check kiya jata hai. Iske alawa PM/CM entitlement letter aur Aadhaar Card bhi zaroori hain identification ke liye."
29,plain,"Context mein iska jawab nahi hai, bas itna pata hai ki hospitals mein free treatment milega aur hospitals ko additional money charge karne ki ijazat nahi hogi, lekin koi specific ID ke bare mein kuch nahi likha hai."
30,plain,"Family details verify karne ke liye aapko apne documents jaise ki Aadhaar Card, Ration Card, aur anya prescribed documents jaise ki Driving Licence, Voters' ID Card, NREGA Job Card, etc. submit karne pad sakte hain."
31,plain,"Post-Matric scholarship ke liye woh students eligible hain jo Scheduled Castes se belong karte hain aur jo post-matriculation ya post-secondary courses pursue kar rahe hain. Iske alawa, unke parents ki income 2.5 lakh se zyada nahi honi chahiye. Aur, students ko matriculation ya higher secondary examination pass hona chahiye."
32,plain,"Nahin, yeh scholarship sirf Scheduled Caste (SC) students ke liye hai, general category ke students ismein apply nahi kar sakte. Is scheme ke hisaab se, sirf SC category ke students hi eligible hain."
33,plain,"Family income limit is 2.5 lakh rupees per year hai is Post-Matric Scholarship ke liye. Yaani, agar aapke parents ka annual income 2.5 lakh se zyada hai, to aap is scholarship ke liye eligible nahi hain."
34,plain,"Haan, diploma students bhi is scholarship ke liye apply kar sakte hain, kyunki yeh scholarship post-matriculation or post-secondary courses ke liye di jaati hai, aur diploma courses bhi ismein include hain. Lekin, unhein sabhi eligibility conditions ko poora karna hoga, jaise ki SC category se hona, matriculation ya higher secondary pass hona, aur income ceiling ke andar hona."
35,plain,"Scholarship application ki last date ke bare mein toh yahan kuchh specifically mentioned nahi hai, lekin yeh bataya gaya hai ki State Governments/UT Administrations May-June mein scheme ki details announce karte hain aur applications maangte hain. Toh, aapko apne state government ki website ya unke dwara issue kiye gaye advertisements dekhne chahiye taaki aapko pata chal sake ki application ki last date kya hai."
36,plain,"Context mein renewal application ki date ke bare mein koi information nahi hai, sirf eligibility criteria aur scheme ke baare mein bataya gaya hai. Toh, mujhe kehna padega ki context mein is sawal ka jawab nahi hai."
37,plain,"Sorry, context mein is sawal ka jawab nahi hai. Context sirf documents ke baare mein batata hai, lekin result aane ke time ke baare mein kuch nahi kehtha."
38,plain,"Post-Matric scholarship mein milne wali amount alag-alag categories ke hisab se different hai. Is scheme mein maintenance allowance, fees, study tour charges, thesis typing/printing charges, book allowance, aur additional allowance for students with disabilities shamil hai. Maintenance allowance ki amount Group I ke liye 1200 rupees per month hostellers ke liye aur 550 rupees per month day scholars ke liye hai. Group II ke liye yeh amount 820 rupees per month hostellers ke liye aur 530 rupees per month day scholars ke liye hai. Group III ke liye yeh amount 570 rupees per month hostellers ke liye aur 300 rupees per month day scholars ke liye hai. Aur Group IV ke liye yeh amount 380 rupees per month hostellers ke liye aur 230 rupees per month day scholars ke liye hai."
39,plain,"Haan, amount course ke hisaab se alag hoti hai. Jaise ki Group I, Group II, Group III aur Group IV courses ke liye maintenance allowance alag-alag hai. Aur yeh amount day scholars aur hostellers ke liye bhi alag hai."
40,plain,"Haan, hostel mein rehne wale students ko maintenance allowance milta hai, jo ki 400 se 1350 rupees per month tak ho sakta hai."
41,plain,"Scholarship amount direct bank account mein aata hai, college ko nahi jata. State Government/UT administrations ko instruction hai ki wo cash payment avoid karein aur scholarship amount beneficiaries ke bank accounts mein directly transfer karein."
42,plain,"Scholarship apply karne ke liye aapko kuch documents chahiye honge, jaise ki application form, passport size photo, certificates, diploma, degree, caste certificate, income certificate, aur agar aap pehle se scholarship le rahe hain toh uska receipt bhi chahiye hoga. Sabse pehle aapko application form bharna hoga, uske saath aapko apni passport size photo lagani hogi, aur saath hi saath aapko apne certificates, diploma, degree ki copies lagani hogi. Agar aap SC category se hain toh aapko caste certificate ki copy bhi lagani hogi, aur income certificate bhi chahiye hoga. Agar aap pehle se scholarship le rahe hain toh aapko uska receipt bhi lagana hoga."
43,plain,"Income certificate kis authority se banwana padta hai, iska context mein koi jankari nahi hai. Context mein sirf income certificate ki jarurat ke bare mein bataya gaya hai, lekin yeh nahi bataya gaya hai ki kis authority se banwana padta hai."
44,plain,"Nahin, caste certificate submit karna mandatory nahin hai, lekin category (SC/ST) ka information dena zaroori hai."
45,plain,"Bank passbook ki copy ke alawa, aapko Ayushman Bharat ke liye PM/CM entitlement letter, Ration Card, aur Aadhaar Card ki zarurat pad sakti hai. Lekin agar aap PM-KISAN ke liye apply kar rahe hain, to aapko apna Aadhaar number, bank account details, aur anya documents jaise ki Name, Age, Gender, Category (SC/ST) aur mobile number (optional) dena hoga. Agar aap Post-Matric Scholarship ke liye apply kar rahe hain, to aapko application form, passport size photo, certificates, caste certificate, income declaration, aur anya documents dena hoga."
46,plain,"PM Awas Yojana ke liye eligible beneficiaries apply kar sakte hain, jinke paas ghar nahi hai ya jinke paas kachcha ya dilapidated ghar hai. Scheme ke tahat, EWS (Economically Weaker Section) category ke logon ko priority di jaati hai, lekin anya eligible families bhi apply kar sakti hain."
47,plain,"Nahin, jinke paas already pucca ghar hai wo eligible nahi hain. Lekin agar aapke paas pucca ghar hai lekin uska size 21 sqm se kam hai, to aap existing house ko enhance karne ke liye eligible ho sakte hain."
48,plain,"EWS aur LIG category ke liye income criteria hai. EWS households ke liye annual income upto Rs. 3.00 lakhs hai, aur LIG households ke liye annual income Rs. 3.00 lakhs se Rs. 6.00 lakhs ke beech hai."
49,plain,"Haan, Pradhan Mantri Awas Yojana (Urban) 2.0 scheme sirf shehri ilakon ke logo ke liye hai, jismein unhein affordable housing provide kiya jaata hai. Is scheme mein do models hain - ek public sector agencies dwara aur doosra private sector dwara."
50,plain,"PM Awas Yojana ke context mein last date ki koi jankari nahi hai, sirf yeh hai ki iska launch 25th June 2015 ko hua tha aur iska target hai ki 2022 tak sab eligible beneficiaries ko pucca houses mil jayein. Lekin last date ke bare mein koi specific information nahi hai."
51,plain,"Mujhe khed hai, lekin aapka sawal mere paas diye gaye context se related nahi hai. Diye gaye context me sirf PM-KISAN aur Post-Matric Scholarship ke bare me jankari hai, lekin subsidy claim ya construction ke bare me koi jankari nahi hai. Aapka sawal ka jawab dena mushkil hai."
52,plain,"Application status check karne ke liye wait karne ki koi specific time limit nahin di gayi hai, lekin Ayushman Bharat ke liye to aap online check kar sakte hain, https://mera.pmjay.gov.in/search/login par jakar. Baaki schemes ke liye koi specific information nahin hai."
53,plain,"PM Awas Yojana mein interest subsidy EWS/LIG, MIG-I aur MIG-II ke liye alag-alag hai. EWS/LIG ke liye 6.5% interest subsidy milti hai, MIG-I ke liye 4% aur MIG-II ke liye 3% interest subsidy milti hai. Yeh subsidy loan amount aur carpet area ke aadhar par di jaati hai."
54,plain,"Haan, subsidy amount income category ke hisaab se alag hoti hai. EWS/LIG category ke liye interest subsidy 6.5% hai, MIG-I ke liye 4% aur MIG-II ke liye 3% hai. Iske alawa, loan amount bhi alag hai - EWS/LIG ke liye Rs. 6 lakh, MIG-I ke liye Rs. 9 lakh aur MIG-II ke liye Rs. 12 lakh."
55,plain,"Arre, yeh question Ayushman Bharat ke bare mein nahi hai, balki PM Awas Yojana ke Credit Linked Subsidy Scheme (CLSS) ke bare mein hai. Toh, is scheme mein maximum loan amount jo cover hota hai wo Rs. 12 lakh tak hai, lekin interest subsidy sirf Rs. 6 lakh, Rs. 9 lakh aur Rs. 12 lakh tak ke loan amount par milta hai, aur yeh subsidy EWS/LIG, MIG-I aur MIG-II categories ke hisab se alag-alag hai."
56,plain,"Subsidy ek baar hi milti hai, aur wo CNAs dwara PLIs ke disbursements ke aadhar par release hoti hai. Jab PLI beneficiary ko loan deti hai, to CNA subsidy ko ek baar mein PLI ko release karti hai, aur phir PLI us subsidy ko beneficiary ke account mein upfront credit karti hai, jisse beneficiary ko principal loan amount kam karke EMI deni hoti hai."
57,plain,"PM Awas Yojana ke liye documents ke baare mein context mein kuchh specific jankari nahin hai, lekin yeh bataya gaya hai ki ismein female head of the family ko owner ya co-owner hone ki provision hai. Lekin application ke liye konsi documents chahiye, iske baare mein koi jankari nahin di gayi hai."
58,plain,"Income proof ke liye, agar aapke parents employed hain, toh unhe apne employer se income certificate lena hoga. Agar aapke parents self-employed hain, toh unhe affidavit on non-judicial stamp paper par income declaration dena hoga, jismein unki income from all sources ka detail hona chahiye."
59,plain,"Property documents mein aapko ownership proof of land dena hota hai, jismein land ki malikiyat ko prove karna hota hai. Iske alawa, aapko building plan of the house, economic status, aur eligibility ke bare mein bhi details deni hoti hai. Lekin, agar state/UT ne exemption di hai, to layout plan ki zarurat nahi hoti."
60,plain,"Nahi, is scheme ke liye Aadhaar zaroori hai, lekin PAN card ki zaroorat nahi hai. Bank account details aur Aadhaar number diya jana zaroori hai, lekin PAN card ki koi zaroorat nahi hai."
