question_id,claim,verdict,confidence,evidence_source,evidence_text
1,"Haan, aap PM-KISAN ke liye eligible ho",UNVERIFIABLE,0.85,PM-KISAN,"[PM-KISAN] Whether the benefits of the scheme are admissible to only Small & Marginal Farmers' (SMF) families? No. ln the beginning when the PtV-Kisan Scheme was launched on 24i\ February, 2019, its benefits were admissible only to Small & I/larginal Farmers' (SI\4F) families, with combined landholding upto 2 hectare. The Scheme was later on revised w.e.f. 1 .6.2019 and extended to all farmer families irrespective of the srze of their landholdings The PM-Kisan Scheme was launched by the Hon'ble Prime Minister on 24th February, 2019
---
[PM-KISAN] What are the benefits of the Scheme? The followin cate o of farmers are not eli ible to et the benefits of the PM-Kisan"
1,Pehle toh scheme sirf small,SUPPORTED,0.98,PM-KISAN,"[PM-KISAN] Micro land holdings, which are not cultivable, are excluded from the benefit under the scheme.
---
[PM-KISAN] Whether the benefits of the scheme are admissible to only Small & Marginal Farmers' (SMF) families? No. ln the beginning when the PtV-Kisan Scheme was launched on 24i\ February, 2019, its benefits were admissible only to Small & I/larginal Farmers' (SI\4F) families, with combined landholding upto 2 hectare. The Scheme was later on revised w.e.f. 1 .6.2019 and extended to all farmer families irrespective of the srze of their landholdings The PM-Kisan Scheme was launched by the Hon'ble Prime Minister on 24th February, 2019"
1,marginal farmers ke liye tha,SUPPORTED,0.9,PM-KISAN,"[PM-KISAN] Micro land holdings, which are not cultivable, are excluded from the benefit under the scheme.
---
[PM-KISAN] Whether the benefits of the scheme are admissible to only Small & Marginal Farmers' (SMF) families? No. ln the beginning when the PtV-Kisan Scheme was launched on 24i\ February, 2019, its benefits were admissible only to Small & I/larginal Farmers' (SI\4F) families, with combined landholding upto 2 hectare. The Scheme was later on revised w.e.f. 1 .6.2019 and extended to all farmer families irrespective of the srze of their landholdings The PM-Kisan Scheme was launched by the Hon'ble Prime Minister on 24th February, 2019"
1,"ab sabhi farmer families ko benefit milta hai, chahe unke paas kitni bhi zameen ho",SUPPORTED,0.98,PM-KISAN,"[PM-KISAN] Will any individual or farmer family owning more than 2 hectare of cultivable land get any benefit under the scheme? Yes. The ambit of the scheme has been extended to cover all farmer families, irrespective of the size of their land holdings.
---
[PM-KISAN] Who are eligible to get benefits under the Scheme? All landholding farmers' families, which have cultivable landholding in their names are eligible to get benefit under the scheme"
1,"Bas micro land holdings jo cultivable nahi hai, unko exclude kiya gaya hai",SUPPORTED,0.99,PM-KISAN,"[PM-KISAN] Micro land holdings, which are not cultivable, are excluded from the benefit under the scheme.
---
[PM-KISAN] Whether micro land holdings are admissible for availing the benefit of the Scheme? Micro land holdings, which are not cultivable, are excluded from the benefit under the scheme."
1,"Aapke paas 1 acre zameen hai, toh aapke liye scheme open hai",SUPPORTED,0.95,PM-KISAN,"[PM-KISAN] Will any individual or farmer family owning more than 2 hectare of cultivable land get any benefit under the scheme? Yes. The ambit of the scheme has been extended to cover all farmer families, irrespective of the size of their land holdings.
---
[PM-KISAN] Micro land holdings, which are not cultivable, are excluded from the benefit under the scheme."
2,"Nahin, PM-KISAN scheme sirf un kisano ke liye nahin hai jinke paas apni zameen hai",CONTRADICTED,0.95,PM-KISAN,"[PM-KISAN] 1. Scheme With a view to provide income support to all landholding farmers’ families in the country, having cultivable land, the Central Government has implemented a Central Sector Scheme, namely, “Pradhan Mantri Kisan Samman Nidhi (PM-KISAN)”.
---
[PM-KISAN] Whether the benefits of the scheme are admissible to only Small & Marginal Farmers' (SMF) families? No. ln the beginning when the PtV-Kisan Scheme was launched on 24i\ February, 2019, its benefits were admissible only to Small & I/larginal Farmers' (SI\4F) families, with combined landholding upto 2 hectare. The Scheme was later on revised w.e.f. 1 .6.2019 and extended to all farmer families irrespective of the srze of their landholdings The PM-Kisan Scheme was launched by the Hon'ble Prime Minister on 24th February, 2019"
2,ismein kya kiraye ki zameen wale apply kar sakte hain iske baare mein scheme ke context mein koi jankari nahin di gayi hai,SUPPORTED,0.95,PM-KISAN,"[PM-KISAN] 1. Scheme With a view to provide income support to all landholding farmers’ families in the country, having cultivable land, the Central Government has implemented a Central Sector Scheme, namely, “Pradhan Mantri Kisan Samman Nidhi (PM-KISAN)”.
---
[PM-KISAN] When was the scheme launched? Scheme (a) All lnstitutional Land holders; and (b) Farmer families in which one or more of its members belong to following categories:- i. Former and present holders of constitutional posts ii. Former and present ltlinisters/ State Ministers and former/present Members of Lok sabha/ Rajya sabha/ state Legislative Assemblies/ State Legislative councils, former and present tt/ayors of Municipal corporations, former and present Chairpersons of District Panchayats. iii. All serving or retired officers and employees of Central/ State Government tvliniitries /Offices/Departments and its field units Central or State PSEs and Attached offices /Autonomous lnstitutions under Government as well as regular employees of the Local Bodies (Excluding Multi Tasking staff / Class lV/Group D employees) iv. All su pe ran n uated/retired pensioners Rs.10,000/-or more(Excluding Ir/ulti Tasking em ployees) All Persons who paid lncome Tax in last assessment year vi. Professionals like Doctors, Engineers' Lawyers, Chartered Accountants, and Architects registered with Professional bodies and carrying out profession by undertaking practices."
2,"Scheme ke mutabik, ismein landholding farmers' families ko financial benefit diya jaata hai",SUPPORTED,0.99,PM-KISAN,"[PM-KISAN] Who are eligible to get benefits under the Scheme? All landholding farmers' families, which have cultivable landholding in their names are eligible to get benefit under the scheme
---
[PM-KISAN] 2. Objective and Benefits The scheme aims to supplement the financial needs of all landholding farmers’ families in procuring various inputs to ensure proper crop health and appropriate yields, commensurate with the anticipated farm income as well as for domestic needs. Under the Scheme an amount of Rs.6000/- per year is released by the Central Government online directly into the bank accounts of the eligible farmers under Direct Benefit Transfer mode, subject to certain exclusions. 3. Definition of farmer’s family A landholder farmer’s family is defined as “a family comprising of husband, wife and minor children who owns cultivable land as per land records of the concerned State/UT”.  The existing land-ownership system will be used for identification of beneficiaries for calculation of benefit."
2,yeh nahin bataya gaya hai ki kiraye ki zameen wale ismein shaamil hain ya nahin,SUPPORTED,0.96,PM-KISAN,"[PM-KISAN] 1. Scheme With a view to provide income support to all landholding farmers’ families in the country, having cultivable land, the Central Government has implemented a Central Sector Scheme, namely, “Pradhan Mantri Kisan Samman Nidhi (PM-KISAN)”.
---
[PM-KISAN] Will be monetary benefit under the Scheme be directly credited into beneficiary accounts? Yes. The financial benefit under the scheme shall be directly credited into bank accounts of beneficiaries."
3,"Arre, yeh to context mein clearly nahi likha hai ki government employee hone se PM-KISAN ka fayda milta hai ya nahi",SUPPORTED,0.9,PM-KISAN,"[PM-KISAN] 1. Scheme With a view to provide income support to all landholding farmers’ families in the country, having cultivable land, the Central Government has implemented a Central Sector Scheme, namely, “Pradhan Mantri Kisan Samman Nidhi (PM-KISAN)”.
---
[PM-KISAN] What are the benefits of the Scheme? The followin cate o of farmers are not eli ible to et the benefits of the PM-Kisan"
3,Bas itna likha hai ki shuruat mein sirf small,SUPPORTED,0.95,PM-KISAN,"[PM-KISAN] Whether the benefits of the scheme are admissible to only Small & Marginal Farmers' (SMF) families? No. ln the beginning when the PtV-Kisan Scheme was launched on 24i\ February, 2019, its benefits were admissible only to Small & I/larginal Farmers' (SI\4F) families, with combined landholding upto 2 hectare. The Scheme was later on revised w.e.f. 1 .6.2019 and extended to all farmer families irrespective of the srze of their landholdings The PM-Kisan Scheme was launched by the Hon'ble Prime Minister on 24th February, 2019
---
[PM-KISAN] Micro land holdings, which are not cultivable, are excluded from the benefit under the scheme."
3,marginal farmers ke liye tha,SUPPORTED,0.95,PM-KISAN,"[PM-KISAN] Micro land holdings, which are not cultivable, are excluded from the benefit under the scheme.
---
[PM-KISAN] Whether the benefits of the scheme are admissible to only Small & Marginal Farmers' (SMF) families? No. ln the beginning when the PtV-Kisan Scheme was launched on 24i\ February, 2019, its benefits were admissible only to Small & I/larginal Farmers' (SI\4F) families, with combined landholding upto 2 hectare. The Scheme was later on revised w.e.f. 1 .6.2019 and extended to all farmer families irrespective of the srze of their landholdings The PM-Kisan Scheme was launched by the Hon'ble Prime Minister on 24th February, 2019"
3,baad mein sabhi farmer families ko include kar liya gaya,SUPPORTED,0.95,PM-KISAN,"[PM-KISAN] Will any individual or farmer family owning more than 2 hectare of cultivable land get any benefit under the scheme? Yes. The ambit of the scheme has been extended to cover all farmer families, irrespective of the size of their land holdings.
---
[PM-KISAN] 1. Scheme With a view to provide income support to all landholding farmers’ families in the country, having cultivable land, the Central Government has implemented a Central Sector Scheme, namely, “Pradhan Mantri Kisan Samman Nidhi (PM-KISAN)”."
3,"exclusion criteria ke baare mein kuch nahi likha hai, to hum keh nahi sakte ki government employee hone se fayda milega ya nahi",CONTRADICTED,0.98,PM-KISAN,"[PM-KISAN] Micro land holdings, which are not cultivable, are excluded from the benefit under the scheme.
---
[PM-KISAN] 4 Exclusions 4.1 The following categories of beneficiaries of higher economic status shall not be eligible for benefit under the scheme: (a) All Institutional Land holders; and (b) Farmer families in which one or more of its members belong to following categories : i) Former and present holders of constitutional posts ii) Former and present Ministers / State Ministers and former / present  Members of Lok Sabha / Rajya Sabha / State Legislative Assemblies / State Legislative Councils, former and present Mayors of Municipal Corporations, former and present Chairpersons of District Panchayats. iii) All serving or retired officers and employees of Central / State Government Ministries / Offices / Departments and their field units, Central or State PSEs and Attached offices / Autonomous Institutions under Government as well as regular employees of the Local Bodies (Excluding Multi Tasking Staff / Class IV / Group D employees) iv) All superannuated / retired pensioners whose monthly pension is Rs.10,000/- or more (Excluding Multi Tasking Staff / Class IV / Group D employees) v) All Persons who paid Income Tax in last assessment year. vi) Professionals like Doctors, Engineers, Lawyers, Chartered Accountants, and Architects registered with Professional bodies and carrying out profession by undertaking practices. (c) In case of new beneficiaries being uploaded on the PM-KISAN Portal, all land holding farmers’ families who are Non-resident Indians (NRIs) in terms of the provisions of the Income Tax Act, 1961 shall be excluded from any benefit under the Scheme. 4.2 For the purpose of exclusion State / UT Governments can certify the eligibility of the beneficiaries based on self declaration by the beneficiaries. In case beneficiary is not available / does not reside in the village, State / UT Governments may consider certification based on the declaration by other adult member of his / her family. In case of incorrect self declaration, beneficiary shall be liable for recovery of transferred financial benefit and other penal actions as per law."
4,PM-KISAN ke liye minimum landholding requirement nahin hai,SUPPORTED,0.95,PM-KISAN,"[PM-KISAN] Whether the benefits of the scheme are admissible to only Small & Marginal Farmers' (SMF) families? No. ln the beginning when the PtV-Kisan Scheme was launched on 24i\ February, 2019, its benefits were admissible only to Small & I/larginal Farmers' (SI\4F) families, with combined landholding upto 2 hectare. The Scheme was later on revised w.e.f. 1 .6.2019 and extended to all farmer families irrespective of the srze of their landholdings The PM-Kisan Scheme was launched by the Hon'ble Prime Minister on 24th February, 2019
---
[PM-KISAN] Who are not eligible to get benefits under the Scheme? (What are the Exclusion Criteria under the Scheme?) Under the PM-KISAN scheme, all landholding farmers' famities shall be provided the financial benefit of Rs.6000/- per annum per family payable in three equal installments of Rs.2000/- each, every four months."
4,"Pehle scheme launch hua tha sirf Small & Marginal Farmers' (SMF) families ke liye, jinke paas 2 hectare tak ki landholding thi",SUPPORTED,0.98,PM-KISAN,"[PM-KISAN] Will any individual or farmer family owning more than 2 hectare of cultivable land get any benefit under the scheme? Yes. The ambit of the scheme has been extended to cover all farmer families, irrespective of the size of their land holdings.
---
[PM-KISAN] Whether the benefits of the scheme are admissible to only Small & Marginal Farmers' (SMF) families? No. ln the beginning when the PtV-Kisan Scheme was launched on 24i\ February, 2019, its benefits were admissible only to Small & I/larginal Farmers' (SI\4F) families, with combined landholding upto 2 hectare. The Scheme was later on revised w.e.f. 1 .6.2019 and extended to all farmer families irrespective of the srze of their landholdings The PM-Kisan Scheme was launched by the Hon'ble Prime Minister on 24th February, 2019"
4,baad mein scheme revise kiya gaya,SUPPORTED,0.99,PM-KISAN,"[PM-KISAN] Whether the benefits of the scheme are admissible to only Small & Marginal Farmers' (SMF) families? No. ln the beginning when the PtV-Kisan Scheme was launched on 24i\ February, 2019, its benefits were admissible only to Small & I/larginal Farmers' (SI\4F) families, with combined landholding upto 2 hectare. The Scheme was later on revised w.e.f. 1 .6.2019 and extended to all farmer families irrespective of the srze of their landholdings The PM-Kisan Scheme was launched by the Hon'ble Prime Minister on 24th February, 2019
---
[PM-KISAN] From which date the Scheme has come into effect? The scheme takes effect from 01 .12.2018"
4,"ab yeh scheme sabhi farmer families ke liye hai, chahe unke paas kitni bhi landholding ho",SUPPORTED,0.98,PM-KISAN,"[PM-KISAN] Will any individual or farmer family owning more than 2 hectare of cultivable land get any benefit under the scheme? Yes. The ambit of the scheme has been extended to cover all farmer families, irrespective of the size of their land holdings.
---
[PM-KISAN] Who are eligible to get benefits under the Scheme? All landholding farmers' families, which have cultivable landholding in their names are eligible to get benefit under the scheme"
5,"PM-KISAN ki agarli installment kab tak aayegi, iske baare mein to exact date nahi di gayi hai",SUPPORTED,0.95,PM-KISAN,"[PM-KISAN] If a farmer registered under the Scheme does not receive any installment in any 4-monthly period for any reason, whether he / she will be able to receive the same later on? Yes. The beneficiaries, whose names are uploaded on P[\/-Kisan portal by the concerned State / UT Governments in a particular 4-monthly period, shall be entitled to receive the benefit for that period with effect from that 4-monthly period itself. lf they do not receive the payment of installment pertaining to that 4-monthly period and subsequent installments for any reason, except due to rejection for falling within the exclusion criteria, they are entitled to receive the benefits of all the due installments as and when the cause of delay is removed / resolved. For example, if an eligible farmer's name has been uploaded on the PIV-KISAN portal by the State / UT Government during the 4-monthly period of December. 2018 - l\/arch, 2019, he/she is entitled to get the installment pertaining to December, 2018 - lVarch, 20'19 period, and also all subsequent installments. Further. if the eligible farmer's name is uploaded on the PIV- KISAN portal during the 4-monthly period of April-July, 2019, he/she is entitled to get the installment pertarning to April-July, 2019 period and also all subsequent installments. lVlany beneficiaries, who have received installments pertaining to December, 2018 - IMarch, 2019 period and April-July, 2019 period were not able to receive the installment pertaining to August,-November, 2019 period. The reason for this delay was the mandatory requirement of release of all installments pertaining to the 4-monthly period August-November, 2019 and onwards only on the basis of Aadhaar seeded data of beneficiaries. This work of Aadhaar seeding of data of beneficiaries had not been completed by many State / UT Governments. Therefore, the Central Government uirement till 30th November, 2019. The State / UTrelaxed this mandato re I Governments are required to complete the work of Aadhaar seeding of 100% beneficiaries by 30th November, 2019, so that the beneficiaries are able to receive the installment pertaining to the 4-monthly period of December, 2019 - March, 2020, and all subsequent installments. Beneficiaries in the States of Assam, Meghalaya and J&K (now UTs of J&K and Laddakh) have been exempted from all Aadhaar related requirements till 31't IVIarch, 2020, by which time these States are also required to complete the process of Aadhaar enrollment of all eligible farmers as well as Aadhaar seeding of their data under this Scheme.
---
[PM-KISAN] Whether the benefits of the scheme are admissible to only Small & Marginal Farmers' (SMF) families? No. ln the beginning when the PtV-Kisan Scheme was launched on 24i\ February, 2019, its benefits were admissible only to Small & I/larginal Farmers' (SI\4F) families, with combined landholding upto 2 hectare. The Scheme was later on revised w.e.f. 1 .6.2019 and extended to all farmer families irrespective of the srze of their landholdings The PM-Kisan Scheme was launched by the Hon'ble Prime Minister on 24th February, 2019"
5,yeh scheme ke mutabik 4 monthly period mein 3 equal installments of Rs.2000 each di jaati hai,SUPPORTED,0.97,PM-KISAN,"[PM-KISAN] How many times the benefit will be given in a year? Under the Plv-KlsAN scheme, all landholding farmers' families shall be provided the financial benefit of Rs.6000/- per annum per family payable in three equal installments of Rs.200O/- each, every four months. The period of 1't installment under the scheme is from 01 .12 2O18 to 31 03 2019, that of 2nd installment from 01 04.2019 to 31 07 .2019,3'd installment from 01 08.2019 to 30 11 2019, and so on
---
[PM-KISAN] Who are not eligible to get benefits under the Scheme? (What are the Exclusion Criteria under the Scheme?) Under the PM-KISAN scheme, all landholding farmers' famities shall be provided the financial benefit of Rs.6000/- per annum per family payable in three equal installments of Rs.2000/- each, every four months."
5,"Toh agar aapke paas pehli installment aa chuki hai, toh agli installment 4 month ke baad aayegi",SUPPORTED,0.95,PM-KISAN,"[PM-KISAN] If a farmer registered under the Scheme does not receive any installment in any 4-monthly period for any reason, whether he / she will be able to receive the same later on? Yes. The beneficiaries, whose names are uploaded on P[\/-Kisan portal by the concerned State / UT Governments in a particular 4-monthly period, shall be entitled to receive the benefit for that period with effect from that 4-monthly period itself. lf they do not receive the payment of installment pertaining to that 4-monthly period and subsequent installments for any reason, except due to rejection for falling within the exclusion criteria, they are entitled to receive the benefits of all the due installments as and when the cause of delay is removed / resolved. For example, if an eligible farmer's name has been uploaded on the PIV-KISAN portal by the State / UT Government during the 4-monthly period of December. 2018 - l\/arch, 2019, he/she is entitled to get the installment pertaining to December, 2018 - lVarch, 20'19 period, and also all subsequent installments. Further. if the eligible farmer's name is uploaded on the PIV- KISAN portal during the 4-monthly period of April-July, 2019, he/she is entitled to get the installment pertarning to April-July, 2019 period and also all subsequent installments. lVlany beneficiaries, who have received installments pertaining to December, 2018 - IMarch, 2019 period and April-July, 2019 period were not able to receive the installment pertaining to August,-November, 2019 period. The reason for this delay was the mandatory requirement of release of all installments pertaining to the 4-monthly period August-November, 2019 and onwards only on the basis of Aadhaar seeded data of beneficiaries. This work of Aadhaar seeding of data of beneficiaries had not been completed by many State / UT Governments. Therefore, the Central Government uirement till 30th November, 2019. The State / UTrelaxed this mandato re I Governments are required to complete the work of Aadhaar seeding of 100% beneficiaries by 30th November, 2019, so that the beneficiaries are able to receive the installment pertaining to the 4-monthly period of December, 2019 - March, 2020, and all subsequent installments. Beneficiaries in the States of Assam, Meghalaya and J&K (now UTs of J&K and Laddakh) have been exempted from all Aadhaar related requirements till 31't IVIarch, 2020, by which time these States are also required to complete the process of Aadhaar enrollment of all eligible farmers as well as Aadhaar seeding of their data under this Scheme.
---
[PM-KISAN] How many times the benefit will be given in a year? Under the Plv-KlsAN scheme, all landholding farmers' families shall be provided the financial benefit of Rs.6000/- per annum per family payable in three equal installments of Rs.200O/- each, every four months. The period of 1't installment under the scheme is from 01 .12 2O18 to 31 03 2019, that of 2nd installment from 01 04.2019 to 31 07 .2019,3'd installment from 01 08.2019 to 30 11 2019, and so on"
6,Context mein naye kisan registration ke liye last date ka ullekh nahi hai,SUPPORTED,0.95,PM-KISAN,"[PM-KISAN] If a farmer registered under the Scheme does not receive any installment in any 4-monthly period for any reason, whether he / she will be able to receive the same later on? Yes. The beneficiaries, whose names are uploaded on P[\/-Kisan portal by the concerned State / UT Governments in a particular 4-monthly period, shall be entitled to receive the benefit for that period with effect from that 4-monthly period itself. lf they do not receive the payment of installment pertaining to that 4-monthly period and subsequent installments for any reason, except due to rejection for falling within the exclusion criteria, they are entitled to receive the benefits of all the due installments as and when the cause of delay is removed / resolved. For example, if an eligible farmer's name has been uploaded on the PIV-KISAN portal by the State / UT Government during the 4-monthly period of December. 2018 - l\/arch, 2019, he/she is entitled to get the installment pertaining to December, 2018 - lVarch, 20'19 period, and also all subsequent installments. Further. if the eligible farmer's name is uploaded on the PIV- KISAN portal during the 4-monthly period of April-July, 2019, he/she is entitled to get the installment pertarning to April-July, 2019 period and also all subsequent installments. lVlany beneficiaries, who have received installments pertaining to December, 2018 - IMarch, 2019 period and April-July, 2019 period were not able to receive the installment pertaining to August,-November, 2019 period. The reason for this delay was the mandatory requirement of release of all installments pertaining to the 4-monthly period August-November, 2019 and onwards only on the basis of Aadhaar seeded data of beneficiaries. This work of Aadhaar seeding of data of beneficiaries had not been completed by many State / UT Governments. Therefore, the Central Government uirement till 30th November, 2019. The State / UTrelaxed this mandato re I Governments are required to complete the work of Aadhaar seeding of 100% beneficiaries by 30th November, 2019, so that the beneficiaries are able to receive the installment pertaining to the 4-monthly period of December, 2019 - March, 2020, and all subsequent installments. Beneficiaries in the States of Assam, Meghalaya and J&K (now UTs of J&K and Laddakh) have been exempted from all Aadhaar related requirements till 31't IVIarch, 2020, by which time these States are also required to complete the process of Aadhaar enrollment of all eligible farmers as well as Aadhaar seeding of their data under this Scheme.
---
[PM-KISAN] From which date the Scheme has come into effect? The scheme takes effect from 01 .12.2018"
7,PM-KISAN ke liye eKYC complete karne ki deadline ke bare mein is context mein koi jankari nahin hai,SUPPORTED,0.95,PM-KISAN,"[PM-KISAN] 1. Scheme With a view to provide income support to all landholding farmers’ families in the country, having cultivable land, the Central Government has implemented a Central Sector Scheme, namely, “Pradhan Mantri Kisan Samman Nidhi (PM-KISAN)”.
---
[PM-KISAN] Whether the benefits of the scheme are admissible to only Small & Marginal Farmers' (SMF) families? No. ln the beginning when the PtV-Kisan Scheme was launched on 24i\ February, 2019, its benefits were admissible only to Small & I/larginal Farmers' (SI\4F) families, with combined landholding upto 2 hectare. The Scheme was later on revised w.e.f. 1 .6.2019 and extended to all farmer families irrespective of the srze of their landholdings The PM-Kisan Scheme was launched by the Hon'ble Prime Minister on 24th February, 2019"
8,"PM-KISAN scheme mein ek saal mein total 6000 rupees milta hai, jo ki 3 installments mein diya jata hai, har installment mein 2000 rupees",SUPPORTED,0.99,PM-KISAN,"[PM-KISAN] Who are not eligible to get benefits under the Scheme? (What are the Exclusion Criteria under the Scheme?) Under the PM-KISAN scheme, all landholding farmers' famities shall be provided the financial benefit of Rs.6000/- per annum per family payable in three equal installments of Rs.2000/- each, every four months.
---
[PM-KISAN] How many times the benefit will be given in a year? Under the Plv-KlsAN scheme, all landholding farmers' families shall be provided the financial benefit of Rs.6000/- per annum per family payable in three equal installments of Rs.200O/- each, every four months. The period of 1't installment under the scheme is from 01 .12 2O18 to 31 03 2019, that of 2nd installment from 01 04.2019 to 31 07 .2019,3'd installment from 01 08.2019 to 30 11 2019, and so on"
9,Har installment mein 2000 rupees transfer hote hain,SUPPORTED,0.99,PM-KISAN,"[PM-KISAN] How many times the benefit will be given in a year? Under the Plv-KlsAN scheme, all landholding farmers' families shall be provided the financial benefit of Rs.6000/- per annum per family payable in three equal installments of Rs.200O/- each, every four months. The period of 1't installment under the scheme is from 01 .12 2O18 to 31 03 2019, that of 2nd installment from 01 04.2019 to 31 07 .2019,3'd installment from 01 08.2019 to 30 11 2019, and so on
---
[PM-KISAN] Who are not eligible to get benefits under the Scheme? (What are the Exclusion Criteria under the Scheme?) Under the PM-KISAN scheme, all landholding farmers' famities shall be provided the financial benefit of Rs.6000/- per annum per family payable in three equal installments of Rs.2000/- each, every four months."
9,"Total 6000 rupees per annum per family diya jata hai, jo 3 equal installments mein diya jata hai, har 4 mahine mein 2000 rupees",SUPPORTED,0.99,PM-KISAN,"[PM-KISAN] Who are not eligible to get benefits under the Scheme? (What are the Exclusion Criteria under the Scheme?) Under the PM-KISAN scheme, all landholding farmers' famities shall be provided the financial benefit of Rs.6000/- per annum per family payable in three equal installments of Rs.2000/- each, every four months.
---
[PM-KISAN] How many times the benefit will be given in a year? Under the Plv-KlsAN scheme, all landholding farmers' families shall be provided the financial benefit of Rs.6000/- per annum per family payable in three equal installments of Rs.200O/- each, every four months. The period of 1't installment under the scheme is from 01 .12 2O18 to 31 03 2019, that of 2nd installment from 01 04.2019 to 31 07 .2019,3'd installment from 01 08.2019 to 30 11 2019, and so on"
10,"Haan, PM-KISAN scheme ke hisab se, sabhi states ke kisano ke liye amount same hai, jo ki Rs. 6000 per annum per family hai, jo ki 3 equal installments mein diya jata hai, har installment Rs. 2000 ka hota hai",SUPPORTED,0.95,PM-KISAN,"[PM-KISAN] Who are not eligible to get benefits under the Scheme? (What are the Exclusion Criteria under the Scheme?) Under the PM-KISAN scheme, all landholding farmers' famities shall be provided the financial benefit of Rs.6000/- per annum per family payable in three equal installments of Rs.2000/- each, every four months.
---
[PM-KISAN] How many times the benefit will be given in a year? Under the Plv-KlsAN scheme, all landholding farmers' families shall be provided the financial benefit of Rs.6000/- per annum per family payable in three equal installments of Rs.200O/- each, every four months. The period of 1't installment under the scheme is from 01 .12 2O18 to 31 03 2019, that of 2nd installment from 01 04.2019 to 31 07 .2019,3'd installment from 01 08.2019 to 30 11 2019, and so on"
11,"Haan, agar aapka application late approve hua hai, to bhi aapko pichle installments mil sakte hain",SUPPORTED,0.95,PM-KISAN,"[PM-KISAN] If a farmer registered under the Scheme does not receive any installment in any 4-monthly period for any reason, whether he / she will be able to receive the same later on? Yes. The beneficiaries, whose names are uploaded on P[\/-Kisan portal by the concerned State / UT Governments in a particular 4-monthly period, shall be entitled to receive the benefit for that period with effect from that 4-monthly period itself. lf they do not receive the payment of installment pertaining to that 4-monthly period and subsequent installments for any reason, except due to rejection for falling within the exclusion criteria, they are entitled to receive the benefits of all the due installments as and when the cause of delay is removed / resolved. For example, if an eligible farmer's name has been uploaded on the PIV-KISAN portal by the State / UT Government during the 4-monthly period of December. 2018 - l\/arch, 2019, he/she is entitled to get the installment pertaining to December, 2018 - lVarch, 20'19 period, and also all subsequent installments. Further. if the eligible farmer's name is uploaded on the PIV- KISAN portal during the 4-monthly period of April-July, 2019, he/she is entitled to get the installment pertarning to April-July, 2019 period and also all subsequent installments. lVlany beneficiaries, who have received installments pertaining to December, 2018 - IMarch, 2019 period and April-July, 2019 period were not able to receive the installment pertaining to August,-November, 2019 period. The reason for this delay was the mandatory requirement of release of all installments pertaining to the 4-monthly period August-November, 2019 and onwards only on the basis of Aadhaar seeded data of beneficiaries. This work of Aadhaar seeding of data of beneficiaries had not been completed by many State / UT Governments. Therefore, the Central Government uirement till 30th November, 2019. The State / UTrelaxed this mandato re I Governments are required to complete the work of Aadhaar seeding of 100% beneficiaries by 30th November, 2019, so that the beneficiaries are able to receive the installment pertaining to the 4-monthly period of December, 2019 - March, 2020, and all subsequent installments. Beneficiaries in the States of Assam, Meghalaya and J&K (now UTs of J&K and Laddakh) have been exempted from all Aadhaar related requirements till 31't IVIarch, 2020, by which time these States are also required to complete the process of Aadhaar enrollment of all eligible farmers as well as Aadhaar seeding of their data under this Scheme.
---
[PM-KISAN] Whether the benefits of the scheme are admissible to only Small & Marginal Farmers' (SMF) families? No. ln the beginning when the PtV-Kisan Scheme was launched on 24i\ February, 2019, its benefits were admissible only to Small & I/larginal Farmers' (SI\4F) families, with combined landholding upto 2 hectare. The Scheme was later on revised w.e.f. 1 .6.2019 and extended to all farmer families irrespective of the srze of their landholdings The PM-Kisan Scheme was launched by the Hon'ble Prime Minister on 24th February, 2019"
11,"PM-KISAN scheme ke hisaab se, agar aapka naam portal par upload ho gaya hai, to aapko us 4-monthly period ke liye installment mil sakta hai",SUPPORTED,0.98,PM-KISAN,"[PM-KISAN] If a farmer registered under the Scheme does not receive any installment in any 4-monthly period for any reason, whether he / she will be able to receive the same later on? Yes. The beneficiaries, whose names are uploaded on P[\/-Kisan portal by the concerned State / UT Governments in a particular 4-monthly period, shall be entitled to receive the benefit for that period with effect from that 4-monthly period itself. lf they do not receive the payment of installment pertaining to that 4-monthly period and subsequent installments for any reason, except due to rejection for falling within the exclusion criteria, they are entitled to receive the benefits of all the due installments as and when the cause of delay is removed / resolved. For example, if an eligible farmer's name has been uploaded on the PIV-KISAN portal by the State / UT Government during the 4-monthly period of December. 2018 - l\/arch, 2019, he/she is entitled to get the installment pertaining to December, 2018 - lVarch, 20'19 period, and also all subsequent installments. Further. if the eligible farmer's name is uploaded on the PIV- KISAN portal during the 4-monthly period of April-July, 2019, he/she is entitled to get the installment pertarning to April-July, 2019 period and also all subsequent installments. lVlany beneficiaries, who have received installments pertaining to December, 2018 - IMarch, 2019 period and April-July, 2019 period were not able to receive the installment pertaining to August,-November, 2019 period. The reason for this delay was the mandatory requirement of release of all installments pertaining to the 4-monthly period August-November, 2019 and onwards only on the basis of Aadhaar seeded data of beneficiaries. This work of Aadhaar seeding of data of beneficiaries had not been completed by many State / UT Governments. Therefore, the Central Government uirement till 30th November, 2019. The State / UTrelaxed this mandato re I Governments are required to complete the work of Aadhaar seeding of 100% beneficiaries by 30th November, 2019, so that the beneficiaries are able to receive the installment pertaining to the 4-monthly period of December, 2019 - March, 2020, and all subsequent installments. Beneficiaries in the States of Assam, Meghalaya and J&K (now UTs of J&K and Laddakh) have been exempted from all Aadhaar related requirements till 31't IVIarch, 2020, by which time these States are also required to complete the process of Aadhaar enrollment of all eligible farmers as well as Aadhaar seeding of their data under this Scheme.
---
[PM-KISAN] Who are not eligible to get benefits under the Scheme? (What are the Exclusion Criteria under the Scheme?) Under the PM-KISAN scheme, all landholding farmers' famities shall be provided the financial benefit of Rs.6000/- per annum per family payable in three equal installments of Rs.2000/- each, every four months."
11,agle installments bhi mil sakte hain jab tak ki delay ka kaaran resolve ho jaye,SUPPORTED,0.97,PM-KISAN,"[PM-KISAN] If a farmer registered under the Scheme does not receive any installment in any 4-monthly period for any reason, whether he / she will be able to receive the same later on? Yes. The beneficiaries, whose names are uploaded on P[\/-Kisan portal by the concerned State / UT Governments in a particular 4-monthly period, shall be entitled to receive the benefit for that period with effect from that 4-monthly period itself. lf they do not receive the payment of installment pertaining to that 4-monthly period and subsequent installments for any reason, except due to rejection for falling within the exclusion criteria, they are entitled to receive the benefits of all the due installments as and when the cause of delay is removed / resolved. For example, if an eligible farmer's name has been uploaded on the PIV-KISAN portal by the State / UT Government during the 4-monthly period of December. 2018 - l\/arch, 2019, he/she is entitled to get the installment pertaining to December, 2018 - lVarch, 20'19 period, and also all subsequent installments. Further. if the eligible farmer's name is uploaded on the PIV- KISAN portal during the 4-monthly period of April-July, 2019, he/she is entitled to get the installment pertarning to April-July, 2019 period and also all subsequent installments. lVlany beneficiaries, who have received installments pertaining to December, 2018 - IMarch, 2019 period and April-July, 2019 period were not able to receive the installment pertaining to August,-November, 2019 period. The reason for this delay was the mandatory requirement of release of all installments pertaining to the 4-monthly period August-November, 2019 and onwards only on the basis of Aadhaar seeded data of beneficiaries. This work of Aadhaar seeding of data of beneficiaries had not been completed by many State / UT Governments. Therefore, the Central Government uirement till 30th November, 2019. The State / UTrelaxed this mandato re I Governments are required to complete the work of Aadhaar seeding of 100% beneficiaries by 30th November, 2019, so that the beneficiaries are able to receive the installment pertaining to the 4-monthly period of December, 2019 - March, 2020, and all subsequent installments. Beneficiaries in the States of Assam, Meghalaya and J&K (now UTs of J&K and Laddakh) have been exempted from all Aadhaar related requirements till 31't IVIarch, 2020, by which time these States are also required to complete the process of Aadhaar enrollment of all eligible farmers as well as Aadhaar seeding of their data under this Scheme.
---
[PM-KISAN] Micro land holdings, which are not cultivable, are excluded from the benefit under the scheme."
12,"PM-KISAN ke liye aapko name, age, gender, category (SC/ST), Aadhaar number (Assam, Meghalaya, J&K ke alawa), bank account number, IFSC code",SUPPORTED,0.96,PM-KISAN,"[PM-KISAN] What is the mandatory information required to be submitted on PM-KISAN portal for the transfer of benefits? The following informatron / documents are requlred to be furnished by the farmers for enrollment under PI\/-Kisan Scheme (i) Name, Age, Gender and Category (SC/ST) (ii) Aadhaar Number [except in case of farmers in the States of Assam, lr/eghalaya and J&K (now UTs of J&K and Laddakh), where Aadhaar number has not been issued to most of the citizens, and therefore these States have been exempted from the requirement till 31't N/arch, 2020. ln these States / UTs, Aadhaar number shall be collected for those beneficiaries where it is available and for others alternate prescribed documents can be collected for identity verification purposes by the States/UT Governments, like Aadhaar Enrollment 18. ls any person / farmer who is cultivating a land but is not having the land holding in his / her own name, for example tenant farmers, is eligible to get benefit under the Scheme? (iii) (iv) Number and / or any other prescribed documents for purposes of the identification such as Driving Licence, Voters' lD Card, NREGA Job Card, or any other identification documents issued by Central/State/UT Governments or their authoritres, etc.) Bank Account Number and IFSC Code. [\tlobile number - though it is not mandatory but it is advised that when available it may be provided so that the information related to transfer of benefit can be communicated.
---
[PM-KISAN] 8. Setting up of Project Monitoring Unit (PMU) 8.1 A Project Monitoring Unit (PMU) at Central level will be set up in the Department of Agriculture, Cooperation & Farmers Welfare (DAC&FW) in the form of a Society registered under the Societies Registration Act, 1860. This PMU shall be tasked with the responsibility of overall monitoring of the scheme and shall be headed by Chief Executive Officer (CEO). PMU shall also undertake publicity campaign (Information, Education and Communication-IEC). 8.2 Each State / UT Government will designate a Nodal Department for implementation of the scheme and coordinating with Central Government with regard to implementation of Income Support Scheme. 8.3 On the lines of PMU at central level, States / UTs may consider setting up dedicated Project Monitoring Units at State / UT Level. 0.125% for the amount of installments transferred to beneficiaries can be transferred by Central Government to State / UT Government to cover the expenditure on their PMUs, if established and for meeting other related administrative expenses including cost to be incurred for procurement of stationary, field verification, filling of prescribed formats, their certification and its uploading as well as incentive for field functionaries, publicity, etc. States / UTs will furnish the details of the account to which Administrative Charges are credited by the Central Government. The administrative charges payable to the States / UTs will be provided by Government of India based on the volume of work and the number of beneficiaries. 9. PM-Kisan Portal for implementation of the scheme (Beneficiary Details uploading by State) 9.1 Beneficiaries under the scheme are to be identified by the respective State and Union Territory. The details of farmers are being maintained by the States / UTs either in electronic form or in manual register. To make integrated platform available in the country to assist in benefit transfer, a platform named PM-Kisan Portal available at URL (http://pmkisan.gov.in) has been be launched for uploading the farmers’ details at a single web-portal in a uniform structure. 9.2 The PM-Kisan Portal has been created with the following objectives - i) To provide verified and single source of truth on farmers’ details at the portal. ii) Timely assistance to the farmers in farm operation iii) A unified e-platform for transferring of cash benefits into farmer’s bank account through Public Financial Management System (PFMS) integration. iv) Location wise availability of benefited farmers’ list. v) Ease of monitoring across the country on fund transaction details. 9.3 PM-Kisan Portal : The following farmer attributes need to be entered in the Portal: Farmer Attributes: (Essential): State, District, Sub-District/Block, Village, Farmer Name, Type of Identity – Aadhaar Number and in case Aadhaar not available, Aadhaar enrollment number with any other ID proof like Voter ID etc, Gender, Category, IFSC Code, Bank Account Number. Farmer Attributes (Optional): Father name, Address, Mobile Number, Date of Birth/Age, Farm-Size in Hectare, Survey Number, Khasra Number Optional attributes such as Mobile number can be utilized for SMS alerts. Other optional attributes may be used for purpose of future requirement.  However, these attributes are not essential for purpose of transfer of money. These attributes are illustrated on PM-KISAN Portal http://pmkisan.gov.in as follows 9.4 There are 3 ways through which a State / UT can onboard on the PM Kisan Portal: (a) If a State / UT has village / district wise list of farmers, they may upload the same in a pre-defined format and with the help of local NIC State Unit. (b) Some existing data of farmers is already available on the PM-Kisan Portal which will be visible on selection of States / Districts / Village. States / UTs which do not have their own list may use this village-wise list of farmers as provided on the portal and edit the same to finalize the farmers’ list. For this the correction window shall be available at PM-Kisan portal for authorized users of District and Block officials. (c) If States / UTs want to make fresh entry of a farmer, provision is there for registration of these farmers in a defined and standardized format. 9.5  Databases of Pradhan Mantri Fasal Bima Yojana (PMFBY), Soil Health Cards, Socio Economic and Caste Census (SECC) can also be utilized for this purpose. State/UT wise status of number of farmer records shall be available at http://pmkisan.gov.in. 9.6  Records preparation process through PM-KISAN Portal: 1. State-admin and District-admin need to be identified for creation of login credentials or approval of login credentials in case of self-registration by District and Block / Tehsil / Taluka officials. 2. Farmers list as available on the portal shall be available at Block / Tehsil / Taluka level official’s login. 3. Search facility will also be available to get details on Farmers by Name, Aadhaar Number or Mobile Number in case PM-KISAN Portal data is being used. Facility to add new farmers’ details shall be available, if details are not found in the list. 4. The verified list shall be e-signed by the District level or block / tehsil / taluka level officials as the case may be. The exclusion categories specified in scheme guidelines also need to be taken care before e-signing the verified farmers list. 5. The States Nodal Officer shall submit a district wise e-Signed list of farmers to the Program Division of DAC&FW through PM-Kisan Portal."
12,"kuchh anya identification documents jaise ki driving licence, voter ID card, NREGA job card chahiye",SUPPORTED,0.97,PM-KISAN,"[PM-KISAN] What is the mandatory information required to be submitted on PM-KISAN portal for the transfer of benefits? The following informatron / documents are requlred to be furnished by the farmers for enrollment under PI\/-Kisan Scheme (i) Name, Age, Gender and Category (SC/ST) (ii) Aadhaar Number [except in case of farmers in the States of Assam, lr/eghalaya and J&K (now UTs of J&K and Laddakh), where Aadhaar number has not been issued to most of the citizens, and therefore these States have been exempted from the requirement till 31't N/arch, 2020. ln these States / UTs, Aadhaar number shall be collected for those beneficiaries where it is available and for others alternate prescribed documents can be collected for identity verification purposes by the States/UT Governments, like Aadhaar Enrollment 18. ls any person / farmer who is cultivating a land but is not having the land holding in his / her own name, for example tenant farmers, is eligible to get benefit under the Scheme? (iii) (iv) Number and / or any other prescribed documents for purposes of the identification such as Driving Licence, Voters' lD Card, NREGA Job Card, or any other identification documents issued by Central/State/UT Governments or their authoritres, etc.) Bank Account Number and IFSC Code. [\tlobile number - though it is not mandatory but it is advised that when available it may be provided so that the information related to transfer of benefit can be communicated.
---
[PM-KISAN] 6. Strategy for Implementation 6.1 The States shall prepare database of eligible beneficiary land holder farmer families in the villages capturing the Name, Age, Gender, Category (SC/ST), Aadhaar Number, Bank Account Number and the Mobile Number of the beneficiaries. Responsibility of identifying the land holder farmer family eligible for benefit under the scheme shall be of the State / UT Government. In case of beneficiaries in States of Assam, Meghalaya, J&K where Aadhaar number has not been issued to most of the citizens, Aadhaar number shall be collected for those beneficiaries where it is available and for others alternate prescribed documents such as Driving Licence, Voters’ ID Card, NREGA Job Card, or any other identification documents issued by Central / State / UT Governments or their authorities, etc. can be collected for identity verification purposes. These three States have been exempted from the requirement of Aadhaar number till 31.3.2021. In the meantime these States will complete Aadhaar enrolment. States / UTs shall ensure that there is no duplication of the payment transferred to eligible families. Speedy reconciliation in case of wrong / incomplete bank details of the beneficiary should be ensured. 6.2  For the purpose of exclusion States have to take a self-declaration from the beneficiaries as detailed in par 4.2 above. In the said self-declaration taken by the States / UT Governments an undertaking should also be included wherein the consent of the beneficiaries should be taken for using the Aadhaar number for verification of his eligibility for the scheme with the concerned agencies.  This consent of the beneficiary should be “to agree that the department responsible for implementation of the Pradhan Mantri Kisan Samman Nidhi Yojana in Union Government or the State Government / Union Territory Administration can use the beneficiary Aadhaar number and other information provided in the declaration to verify the eligibility of the beneficiary for scheme as per extant scheme guidelines with the concerned agencies”. 6.3 The existing land-ownership system in the concerned State / UT will be used for identification of beneficiaries. Accordingly, it is of utmost importance that the land records are clear and updated. Further, State / UT Governments would also expedite the progress of digitization of the land records and linking the same with Aadhaar as well as bank details of the beneficiaries. 6.4 The lists of eligible beneficiaries would be published at the village level. Farmers’ families who are eligible but have been excluded should be provided an opportunity to represent their case."
12,Mobile number bhi dena hai,SUPPORTED,0.85,PM-KISAN,"[PM-KISAN] 6. Strategy for Implementation 6.1 The States shall prepare database of eligible beneficiary land holder farmer families in the villages capturing the Name, Age, Gender, Category (SC/ST), Aadhaar Number, Bank Account Number and the Mobile Number of the beneficiaries. Responsibility of identifying the land holder farmer family eligible for benefit under the scheme shall be of the State / UT Government. In case of beneficiaries in States of Assam, Meghalaya, J&K where Aadhaar number has not been issued to most of the citizens, Aadhaar number shall be collected for those beneficiaries where it is available and for others alternate prescribed documents such as Driving Licence, Voters’ ID Card, NREGA Job Card, or any other identification documents issued by Central / State / UT Governments or their authorities, etc. can be collected for identity verification purposes. These three States have been exempted from the requirement of Aadhaar number till 31.3.2021. In the meantime these States will complete Aadhaar enrolment. States / UTs shall ensure that there is no duplication of the payment transferred to eligible families. Speedy reconciliation in case of wrong / incomplete bank details of the beneficiary should be ensured. 6.2  For the purpose of exclusion States have to take a self-declaration from the beneficiaries as detailed in par 4.2 above. In the said self-declaration taken by the States / UT Governments an undertaking should also be included wherein the consent of the beneficiaries should be taken for using the Aadhaar number for verification of his eligibility for the scheme with the concerned agencies.  This consent of the beneficiary should be “to agree that the department responsible for implementation of the Pradhan Mantri Kisan Samman Nidhi Yojana in Union Government or the State Government / Union Territory Administration can use the beneficiary Aadhaar number and other information provided in the declaration to verify the eligibility of the beneficiary for scheme as per extant scheme guidelines with the concerned agencies”. 6.3 The existing land-ownership system in the concerned State / UT will be used for identification of beneficiaries. Accordingly, it is of utmost importance that the land records are clear and updated. Further, State / UT Governments would also expedite the progress of digitization of the land records and linking the same with Aadhaar as well as bank details of the beneficiaries. 6.4 The lists of eligible beneficiaries would be published at the village level. Farmers’ families who are eligible but have been excluded should be provided an opportunity to represent their case.
---
[PM-KISAN] What is the mandatory information required to be submitted on PM-KISAN portal for the transfer of benefits? The following informatron / documents are requlred to be furnished by the farmers for enrollment under PI\/-Kisan Scheme (i) Name, Age, Gender and Category (SC/ST) (ii) Aadhaar Number [except in case of farmers in the States of Assam, lr/eghalaya and J&K (now UTs of J&K and Laddakh), where Aadhaar number has not been issued to most of the citizens, and therefore these States have been exempted from the requirement till 31't N/arch, 2020. ln these States / UTs, Aadhaar number shall be collected for those beneficiaries where it is available and for others alternate prescribed documents can be collected for identity verification purposes by the States/UT Governments, like Aadhaar Enrollment 18. ls any person / farmer who is cultivating a land but is not having the land holding in his / her own name, for example tenant farmers, is eligible to get benefit under the Scheme? (iii) (iv) Number and / or any other prescribed documents for purposes of the identification such as Driving Licence, Voters' lD Card, NREGA Job Card, or any other identification documents issued by Central/State/UT Governments or their authoritres, etc.) Bank Account Number and IFSC Code. [\tlobile number - though it is not mandatory but it is advised that when available it may be provided so that the information related to transfer of benefit can be communicated."
12,woh mandatory nahi hai,CONTRADICTED,0.95,PM-KISAN,"[PM-KISAN] Whether giving Aadhaar details is mandatory for availing benefit under the Scheme? Aadhaar number was optional and not mandatory for release of 1st installment pertaining to the period 01 .12.2018 to 31.03.2019, whereas only possession of Aadhaar number was made mandatory for release of 2nd installment pertaining to the period 01 .04.2019 to 31 .07.2019. Further, Aadhaar seeding of beneficiaries' data was made mandatory for release of 3'o installment pertaining to the period 01.08.2019, and for subsequent installments onwards. Recently, however, Government has relaxed the mandatory requirement of Aadhaar seeding of beneficiaries' data upto 30.1 1.20'19. This mandatory requirement of Aadhaar seeding of the beneficiaries' data would continue to applicable for release of all installments w.e.f . O1 .12.2019. However, Assam, Meghalaya and Jammu & Kashmir, where Aadhaar penetration has not been much, have been given exemption from this mandatory requirement till 31.03.2020.
---
[PM-KISAN] Whether it details? is compulsory for beneficiaries to give their bank account Yes, the beneficiaries are required to provide their bank account details along with their Aadhaar number so as to credit the financial benefit under the scheme directly into their bank accounts. No benefit can be given if bank account details have not been provided."
13,Aadhaar card PM-KISAN ke liye mandatory hai,CONTRADICTED,0.9,PM-KISAN,"[PM-KISAN] What is the mandatory information required to be submitted on PM-KISAN portal for the transfer of benefits? The following informatron / documents are requlred to be furnished by the farmers for enrollment under PI\/-Kisan Scheme (i) Name, Age, Gender and Category (SC/ST) (ii) Aadhaar Number [except in case of farmers in the States of Assam, lr/eghalaya and J&K (now UTs of J&K and Laddakh), where Aadhaar number has not been issued to most of the citizens, and therefore these States have been exempted from the requirement till 31't N/arch, 2020. ln these States / UTs, Aadhaar number shall be collected for those beneficiaries where it is available and for others alternate prescribed documents can be collected for identity verification purposes by the States/UT Governments, like Aadhaar Enrollment 18. ls any person / farmer who is cultivating a land but is not having the land holding in his / her own name, for example tenant farmers, is eligible to get benefit under the Scheme? (iii) (iv) Number and / or any other prescribed documents for purposes of the identification such as Driving Licence, Voters' lD Card, NREGA Job Card, or any other identification documents issued by Central/State/UT Governments or their authoritres, etc.) Bank Account Number and IFSC Code. [\tlobile number - though it is not mandatory but it is advised that when available it may be provided so that the information related to transfer of benefit can be communicated.
---
[PM-KISAN] Whether giving Aadhaar details is mandatory for availing benefit under the Scheme? Aadhaar number was optional and not mandatory for release of 1st installment pertaining to the period 01 .12.2018 to 31.03.2019, whereas only possession of Aadhaar number was made mandatory for release of 2nd installment pertaining to the period 01 .04.2019 to 31 .07.2019. Further, Aadhaar seeding of beneficiaries' data was made mandatory for release of 3'o installment pertaining to the period 01.08.2019, and for subsequent installments onwards. Recently, however, Government has relaxed the mandatory requirement of Aadhaar seeding of beneficiaries' data upto 30.1 1.20'19. This mandatory requirement of Aadhaar seeding of the beneficiaries' data would continue to applicable for release of all installments w.e.f . O1 .12.2019. However, Assam, Meghalaya and Jammu & Kashmir, where Aadhaar penetration has not been much, have been given exemption from this mandatory requirement till 31.03.2020."
13,Jammu & Kashmir ke kuch cases mein exemption di gayi hai,UNVERIFIABLE,0.9,PM-KISAN,"[PM-KISAN] Micro land holdings, which are not cultivable, are excluded from the benefit under the scheme.
---
[PM-KISAN] 4 Exclusions 4.1 The following categories of beneficiaries of higher economic status shall not be eligible for benefit under the scheme: (a) All Institutional Land holders; and (b) Farmer families in which one or more of its members belong to following categories : i) Former and present holders of constitutional posts ii) Former and present Ministers / State Ministers and former / present  Members of Lok Sabha / Rajya Sabha / State Legislative Assemblies / State Legislative Councils, former and present Mayors of Municipal Corporations, former and present Chairpersons of District Panchayats. iii) All serving or retired officers and employees of Central / State Government Ministries / Offices / Departments and their field units, Central or State PSEs and Attached offices / Autonomous Institutions under Government as well as regular employees of the Local Bodies (Excluding Multi Tasking Staff / Class IV / Group D employees) iv) All superannuated / retired pensioners whose monthly pension is Rs.10,000/- or more (Excluding Multi Tasking Staff / Class IV / Group D employees) v) All Persons who paid Income Tax in last assessment year. vi) Professionals like Doctors, Engineers, Lawyers, Chartered Accountants, and Architects registered with Professional bodies and carrying out profession by undertaking practices. (c) In case of new beneficiaries being uploaded on the PM-KISAN Portal, all land holding farmers’ families who are Non-resident Indians (NRIs) in terms of the provisions of the Income Tax Act, 1961 shall be excluded from any benefit under the Scheme. 4.2 For the purpose of exclusion State / UT Governments can certify the eligibility of the beneficiaries based on self declaration by the beneficiaries. In case beneficiary is not available / does not reside in the village, State / UT Governments may consider certification based on the declaration by other adult member of his / her family. In case of incorrect self declaration, beneficiary shall be liable for recovery of transferred financial benefit and other penal actions as per law."
13,"Jab tak aapke paas Aadhaar card nahi hai, toh aapko doosre documents jaise ki driving license, voter ID card, ya NREGA job card bhi submit karne pad sakte hain",SUPPORTED,0.97,PM-KISAN,"[PM-KISAN] What is the mandatory information required to be submitted on PM-KISAN portal for the transfer of benefits? The following informatron / documents are requlred to be furnished by the farmers for enrollment under PI\/-Kisan Scheme (i) Name, Age, Gender and Category (SC/ST) (ii) Aadhaar Number [except in case of farmers in the States of Assam, lr/eghalaya and J&K (now UTs of J&K and Laddakh), where Aadhaar number has not been issued to most of the citizens, and therefore these States have been exempted from the requirement till 31't N/arch, 2020. ln these States / UTs, Aadhaar number shall be collected for those beneficiaries where it is available and for others alternate prescribed documents can be collected for identity verification purposes by the States/UT Governments, like Aadhaar Enrollment 18. ls any person / farmer who is cultivating a land but is not having the land holding in his / her own name, for example tenant farmers, is eligible to get benefit under the Scheme? (iii) (iv) Number and / or any other prescribed documents for purposes of the identification such as Driving Licence, Voters' lD Card, NREGA Job Card, or any other identification documents issued by Central/State/UT Governments or their authoritres, etc.) Bank Account Number and IFSC Code. [\tlobile number - though it is not mandatory but it is advised that when available it may be provided so that the information related to transfer of benefit can be communicated.
---
[PM-KISAN] 6. Strategy for Implementation 6.1 The States shall prepare database of eligible beneficiary land holder farmer families in the villages capturing the Name, Age, Gender, Category (SC/ST), Aadhaar Number, Bank Account Number and the Mobile Number of the beneficiaries. Responsibility of identifying the land holder farmer family eligible for benefit under the scheme shall be of the State / UT Government. In case of beneficiaries in States of Assam, Meghalaya, J&K where Aadhaar number has not been issued to most of the citizens, Aadhaar number shall be collected for those beneficiaries where it is available and for others alternate prescribed documents such as Driving Licence, Voters’ ID Card, NREGA Job Card, or any other identification documents issued by Central / State / UT Governments or their authorities, etc. can be collected for identity verification purposes. These three States have been exempted from the requirement of Aadhaar number till 31.3.2021. In the meantime these States will complete Aadhaar enrolment. States / UTs shall ensure that there is no duplication of the payment transferred to eligible families. Speedy reconciliation in case of wrong / incomplete bank details of the beneficiary should be ensured. 6.2  For the purpose of exclusion States have to take a self-declaration from the beneficiaries as detailed in par 4.2 above. In the said self-declaration taken by the States / UT Governments an undertaking should also be included wherein the consent of the beneficiaries should be taken for using the Aadhaar number for verification of his eligibility for the scheme with the concerned agencies.  This consent of the beneficiary should be “to agree that the department responsible for implementation of the Pradhan Mantri Kisan Samman Nidhi Yojana in Union Government or the State Government / Union Territory Administration can use the beneficiary Aadhaar number and other information provided in the declaration to verify the eligibility of the beneficiary for scheme as per extant scheme guidelines with the concerned agencies”. 6.3 The existing land-ownership system in the concerned State / UT will be used for identification of beneficiaries. Accordingly, it is of utmost importance that the land records are clear and updated. Further, State / UT Governments would also expedite the progress of digitization of the land records and linking the same with Aadhaar as well as bank details of the beneficiaries. 6.4 The lists of eligible beneficiaries would be published at the village level. Farmers’ families who are eligible but have been excluded should be provided an opportunity to represent their case."
13,"generally, Aadhaar card mandatory hai PM-KISAN ke benefits ke liye",SUPPORTED,0.95,PM-KISAN,"[PM-KISAN] What is the mandatory information required to be submitted on PM-KISAN portal for the transfer of benefits? The following informatron / documents are requlred to be furnished by the farmers for enrollment under PI\/-Kisan Scheme (i) Name, Age, Gender and Category (SC/ST) (ii) Aadhaar Number [except in case of farmers in the States of Assam, lr/eghalaya and J&K (now UTs of J&K and Laddakh), where Aadhaar number has not been issued to most of the citizens, and therefore these States have been exempted from the requirement till 31't N/arch, 2020. ln these States / UTs, Aadhaar number shall be collected for those beneficiaries where it is available and for others alternate prescribed documents can be collected for identity verification purposes by the States/UT Governments, like Aadhaar Enrollment 18. ls any person / farmer who is cultivating a land but is not having the land holding in his / her own name, for example tenant farmers, is eligible to get benefit under the Scheme? (iii) (iv) Number and / or any other prescribed documents for purposes of the identification such as Driving Licence, Voters' lD Card, NREGA Job Card, or any other identification documents issued by Central/State/UT Governments or their authoritres, etc.) Bank Account Number and IFSC Code. [\tlobile number - though it is not mandatory but it is advised that when available it may be provided so that the information related to transfer of benefit can be communicated.
---
[PM-KISAN] Who are not eligible to get benefits under the Scheme? (What are the Exclusion Criteria under the Scheme?) Under the PM-KISAN scheme, all landholding farmers' famities shall be provided the financial benefit of Rs.6000/- per annum per family payable in three equal installments of Rs.2000/- each, every four months."
14,"Land ownership proof ke liye aapko apna land ka document dena hota hai, jaise ki land record ya ownership certificate",SUPPORTED,0.78,PM-KISAN,"[PM-KISAN] Will any individual or farmer family owning more than 2 hectare of cultivable land get any benefit under the scheme? Yes. The ambit of the scheme has been extended to cover all farmer families, irrespective of the size of their land holdings.
---
[PM-KISAN] What is the definition of 'family' under the Scheme? A landholder farmer's family is defined as ""a family comprising of husband, wife and minor children who own cultivable land as per the land records of the concerned State/UT"". The existing land-ownership system will be used for identification of beneficiaries for calculation of benefit. 17. ls any person / farmer who is not having land holding in his / her own name, but is cultivating land owned by his / her father / forefathers is eligible to get benefit under the Scheme? No. The land must be in his / her own name. lf the land ownership has been transferred in his / her name on account of succession then he / she will be eligible. No. Land holding is the sole criteria to avail the benefit under the Scheme"
14,PM Awas Yojana mein to yeh clearly likha hai ki beneficiaries ko ownership proof of land dena hota hai,UNVERIFIABLE,0.9,PM-KISAN,"[PM-KISAN] How the beneficiaries under the Scheme will be identified and shortlisted for payment of intended benefit? The responsibility of identifying the eligible farmers' families for benefit under the scheme is entirely of the State/UT Governments. The prevailing land-ownership system / record of land in different States/Union Territories will be used to identify the intended beneficiaries for transfer of scheme benefits.
---
[PM-KISAN] 6. Strategy for Implementation 6.1 The States shall prepare database of eligible beneficiary land holder farmer families in the villages capturing the Name, Age, Gender, Category (SC/ST), Aadhaar Number, Bank Account Number and the Mobile Number of the beneficiaries. Responsibility of identifying the land holder farmer family eligible for benefit under the scheme shall be of the State / UT Government. In case of beneficiaries in States of Assam, Meghalaya, J&K where Aadhaar number has not been issued to most of the citizens, Aadhaar number shall be collected for those beneficiaries where it is available and for others alternate prescribed documents such as Driving Licence, Voters’ ID Card, NREGA Job Card, or any other identification documents issued by Central / State / UT Governments or their authorities, etc. can be collected for identity verification purposes. These three States have been exempted from the requirement of Aadhaar number till 31.3.2021. In the meantime these States will complete Aadhaar enrolment. States / UTs shall ensure that there is no duplication of the payment transferred to eligible families. Speedy reconciliation in case of wrong / incomplete bank details of the beneficiary should be ensured. 6.2  For the purpose of exclusion States have to take a self-declaration from the beneficiaries as detailed in par 4.2 above. In the said self-declaration taken by the States / UT Governments an undertaking should also be included wherein the consent of the beneficiaries should be taken for using the Aadhaar number for verification of his eligibility for the scheme with the concerned agencies.  This consent of the beneficiary should be “to agree that the department responsible for implementation of the Pradhan Mantri Kisan Samman Nidhi Yojana in Union Government or the State Government / Union Territory Administration can use the beneficiary Aadhaar number and other information provided in the declaration to verify the eligibility of the beneficiary for scheme as per extant scheme guidelines with the concerned agencies”. 6.3 The existing land-ownership system in the concerned State / UT will be used for identification of beneficiaries. Accordingly, it is of utmost importance that the land records are clear and updated. Further, State / UT Governments would also expedite the progress of digitization of the land records and linking the same with Aadhaar as well as bank details of the beneficiaries. 6.4 The lists of eligible beneficiaries would be published at the village level. Farmers’ families who are eligible but have been excluded should be provided an opportunity to represent their case."
14,"PM-KISAN mein bhi land records ka mention hai, jahan par land ownership ki details hoti hain",UNVERIFIABLE,0.9,PM-KISAN,"[PM-KISAN] What is the mandatory information required to be submitted on PM-KISAN portal for the transfer of benefits? The following informatron / documents are requlred to be furnished by the farmers for enrollment under PI\/-Kisan Scheme (i) Name, Age, Gender and Category (SC/ST) (ii) Aadhaar Number [except in case of farmers in the States of Assam, lr/eghalaya and J&K (now UTs of J&K and Laddakh), where Aadhaar number has not been issued to most of the citizens, and therefore these States have been exempted from the requirement till 31't N/arch, 2020. ln these States / UTs, Aadhaar number shall be collected for those beneficiaries where it is available and for others alternate prescribed documents can be collected for identity verification purposes by the States/UT Governments, like Aadhaar Enrollment 18. ls any person / farmer who is cultivating a land but is not having the land holding in his / her own name, for example tenant farmers, is eligible to get benefit under the Scheme? (iii) (iv) Number and / or any other prescribed documents for purposes of the identification such as Driving Licence, Voters' lD Card, NREGA Job Card, or any other identification documents issued by Central/State/UT Governments or their authoritres, etc.) Bank Account Number and IFSC Code. [\tlobile number - though it is not mandatory but it is advised that when available it may be provided so that the information related to transfer of benefit can be communicated.
---
[PM-KISAN] 1. Scheme With a view to provide income support to all landholding farmers’ families in the country, having cultivable land, the Central Government has implemented a Central Sector Scheme, namely, “Pradhan Mantri Kisan Samman Nidhi (PM-KISAN)”."
15,Bank account details verify karne ke liye aapko apna bank account number,SUPPORTED,0.85,PM-KISAN,"[PM-KISAN] Whether it details? is compulsory for beneficiaries to give their bank account Yes, the beneficiaries are required to provide their bank account details along with their Aadhaar number so as to credit the financial benefit under the scheme directly into their bank accounts. No benefit can be given if bank account details have not been provided.
---
[PM-KISAN] What is the mandatory information required to be submitted on PM-KISAN portal for the transfer of benefits? The following informatron / documents are requlred to be furnished by the farmers for enrollment under PI\/-Kisan Scheme (i) Name, Age, Gender and Category (SC/ST) (ii) Aadhaar Number [except in case of farmers in the States of Assam, lr/eghalaya and J&K (now UTs of J&K and Laddakh), where Aadhaar number has not been issued to most of the citizens, and therefore these States have been exempted from the requirement till 31't N/arch, 2020. ln these States / UTs, Aadhaar number shall be collected for those beneficiaries where it is available and for others alternate prescribed documents can be collected for identity verification purposes by the States/UT Governments, like Aadhaar Enrollment 18. ls any person / farmer who is cultivating a land but is not having the land holding in his / her own name, for example tenant farmers, is eligible to get benefit under the Scheme? (iii) (iv) Number and / or any other prescribed documents for purposes of the identification such as Driving Licence, Voters' lD Card, NREGA Job Card, or any other identification documents issued by Central/State/UT Governments or their authoritres, etc.) Bank Account Number and IFSC Code. [\tlobile number - though it is not mandatory but it is advised that when available it may be provided so that the information related to transfer of benefit can be communicated."
15,IFSC code submit karna padta hai,SUPPORTED,0.95,PM-KISAN,"[PM-KISAN] What is the mandatory information required to be submitted on PM-KISAN portal for the transfer of benefits? The following informatron / documents are requlred to be furnished by the farmers for enrollment under PI\/-Kisan Scheme (i) Name, Age, Gender and Category (SC/ST) (ii) Aadhaar Number [except in case of farmers in the States of Assam, lr/eghalaya and J&K (now UTs of J&K and Laddakh), where Aadhaar number has not been issued to most of the citizens, and therefore these States have been exempted from the requirement till 31't N/arch, 2020. ln these States / UTs, Aadhaar number shall be collected for those beneficiaries where it is available and for others alternate prescribed documents can be collected for identity verification purposes by the States/UT Governments, like Aadhaar Enrollment 18. ls any person / farmer who is cultivating a land but is not having the land holding in his / her own name, for example tenant farmers, is eligible to get benefit under the Scheme? (iii) (iv) Number and / or any other prescribed documents for purposes of the identification such as Driving Licence, Voters' lD Card, NREGA Job Card, or any other identification documents issued by Central/State/UT Governments or their authoritres, etc.) Bank Account Number and IFSC Code. [\tlobile number - though it is not mandatory but it is advised that when available it may be provided so that the information related to transfer of benefit can be communicated.
---
[PM-KISAN] What is the remedy available for eligible beneficiary if his/her name is not included in the list of beneficiaries? All such farmer families whose names are not included in the list of beneficiaries can approach the District Level Grievance Redressal Monitoring Committee in their Districts for inclusion of their names in the beneficiary list. Further, the Government has created an exclusive Farmers' Corner in the PM-KISAN web-portal www.pmkisan.gov.in giving the following facilities to the farmers through three separate options / links:- New Farmer's Registration - Through this link, the farmers can submit their details online. The online Form has certain mandatory fields as well self-declaration regarding the eligibility. Once the Form is filled in and submitted successfully by the farmer, the same is forwarded by an automated process to the State Nodal Officer (SNO) for verification. The SNO verifies the details filled in by the farmer and uploads the verified data on the PM-KISAN portal. Thereafter the data is processed through an established system for payment. Edit Aadhaar details - Through this link the farmer can edit his/ her name himself/ herself as per details in the Aadhaar Card. The edited name then gets updated after authentication through the system. (ii) (iii) Beneficiary Status - Through this link, by quoting their Aadhaar Number or Bank Account Number or the registered Mobile Number, the beneficiaries can themselves ascertain the status of payment of their installments. 23. ln case of landholding owned by family members are spread across different revenue records in the same or different villa how thees, districts States (i) ln such cases, the farmer's family will entitled to get the benefit at one place only. The State Nodal Officers (SNOs) will ensure that no duplicate payments are released to any family. benefit will be transferred to the family? 24. lf there are multiple farmers' families whose names are recorded on a single landholding whether each farmer's family is eligible to get benefit of the scheme? lf so, what is the quantum of minimum financial benefit that such families will get under the scheme? Each of such farmer family would be separately eligible for the benefit under the scheme upto the extent of Rs. 6000 provided they are otherwise eligible as per scheme guidelines."
15,"Iske alawa, aapko apna Aadhaar number bhi submit karna padta hai",SUPPORTED,0.93,PM-KISAN,"[PM-KISAN] What is the mandatory information required to be submitted on PM-KISAN portal for the transfer of benefits? The following informatron / documents are requlred to be furnished by the farmers for enrollment under PI\/-Kisan Scheme (i) Name, Age, Gender and Category (SC/ST) (ii) Aadhaar Number [except in case of farmers in the States of Assam, lr/eghalaya and J&K (now UTs of J&K and Laddakh), where Aadhaar number has not been issued to most of the citizens, and therefore these States have been exempted from the requirement till 31't N/arch, 2020. ln these States / UTs, Aadhaar number shall be collected for those beneficiaries where it is available and for others alternate prescribed documents can be collected for identity verification purposes by the States/UT Governments, like Aadhaar Enrollment 18. ls any person / farmer who is cultivating a land but is not having the land holding in his / her own name, for example tenant farmers, is eligible to get benefit under the Scheme? (iii) (iv) Number and / or any other prescribed documents for purposes of the identification such as Driving Licence, Voters' lD Card, NREGA Job Card, or any other identification documents issued by Central/State/UT Governments or their authoritres, etc.) Bank Account Number and IFSC Code. [\tlobile number - though it is not mandatory but it is advised that when available it may be provided so that the information related to transfer of benefit can be communicated.
---
[PM-KISAN] Whether giving Aadhaar details is mandatory for availing benefit under the Scheme? Aadhaar number was optional and not mandatory for release of 1st installment pertaining to the period 01 .12.2018 to 31.03.2019, whereas only possession of Aadhaar number was made mandatory for release of 2nd installment pertaining to the period 01 .04.2019 to 31 .07.2019. Further, Aadhaar seeding of beneficiaries' data was made mandatory for release of 3'o installment pertaining to the period 01.08.2019, and for subsequent installments onwards. Recently, however, Government has relaxed the mandatory requirement of Aadhaar seeding of beneficiaries' data upto 30.1 1.20'19. This mandatory requirement of Aadhaar seeding of the beneficiaries' data would continue to applicable for release of all installments w.e.f . O1 .12.2019. However, Assam, Meghalaya and Jammu & Kashmir, where Aadhaar penetration has not been much, have been given exemption from this mandatory requirement till 31.03.2020."
15,Jammu & Kashmir ke liye yeh zaruri nahi hai,SUPPORTED,0.95,PM-KISAN,"[PM-KISAN] Whether giving Aadhaar details is mandatory for availing benefit under the Scheme? Aadhaar number was optional and not mandatory for release of 1st installment pertaining to the period 01 .12.2018 to 31.03.2019, whereas only possession of Aadhaar number was made mandatory for release of 2nd installment pertaining to the period 01 .04.2019 to 31 .07.2019. Further, Aadhaar seeding of beneficiaries' data was made mandatory for release of 3'o installment pertaining to the period 01.08.2019, and for subsequent installments onwards. Recently, however, Government has relaxed the mandatory requirement of Aadhaar seeding of beneficiaries' data upto 30.1 1.20'19. This mandatory requirement of Aadhaar seeding of the beneficiaries' data would continue to applicable for release of all installments w.e.f . O1 .12.2019. However, Assam, Meghalaya and Jammu & Kashmir, where Aadhaar penetration has not been much, have been given exemption from this mandatory requirement till 31.03.2020.
---
[PM-KISAN] What is the mandatory information required to be submitted on PM-KISAN portal for the transfer of benefits? The following informatron / documents are requlred to be furnished by the farmers for enrollment under PI\/-Kisan Scheme (i) Name, Age, Gender and Category (SC/ST) (ii) Aadhaar Number [except in case of farmers in the States of Assam, lr/eghalaya and J&K (now UTs of J&K and Laddakh), where Aadhaar number has not been issued to most of the citizens, and therefore these States have been exempted from the requirement till 31't N/arch, 2020. ln these States / UTs, Aadhaar number shall be collected for those beneficiaries where it is available and for others alternate prescribed documents can be collected for identity verification purposes by the States/UT Governments, like Aadhaar Enrollment 18. ls any person / farmer who is cultivating a land but is not having the land holding in his / her own name, for example tenant farmers, is eligible to get benefit under the Scheme? (iii) (iv) Number and / or any other prescribed documents for purposes of the identification such as Driving Licence, Voters' lD Card, NREGA Job Card, or any other identification documents issued by Central/State/UT Governments or their authoritres, etc.) Bank Account Number and IFSC Code. [\tlobile number - though it is not mandatory but it is advised that when available it may be provided so that the information related to transfer of benefit can be communicated."
15,wahan par Aadhaar number har kisi ke paas nahi hai,SUPPORTED,0.96,PM-KISAN,"[PM-KISAN] Whether giving Aadhaar details is mandatory for availing benefit under the Scheme? Aadhaar number was optional and not mandatory for release of 1st installment pertaining to the period 01 .12.2018 to 31.03.2019, whereas only possession of Aadhaar number was made mandatory for release of 2nd installment pertaining to the period 01 .04.2019 to 31 .07.2019. Further, Aadhaar seeding of beneficiaries' data was made mandatory for release of 3'o installment pertaining to the period 01.08.2019, and for subsequent installments onwards. Recently, however, Government has relaxed the mandatory requirement of Aadhaar seeding of beneficiaries' data upto 30.1 1.20'19. This mandatory requirement of Aadhaar seeding of the beneficiaries' data would continue to applicable for release of all installments w.e.f . O1 .12.2019. However, Assam, Meghalaya and Jammu & Kashmir, where Aadhaar penetration has not been much, have been given exemption from this mandatory requirement till 31.03.2020.
---
[PM-KISAN] What is the mandatory information required to be submitted on PM-KISAN portal for the transfer of benefits? The following informatron / documents are requlred to be furnished by the farmers for enrollment under PI\/-Kisan Scheme (i) Name, Age, Gender and Category (SC/ST) (ii) Aadhaar Number [except in case of farmers in the States of Assam, lr/eghalaya and J&K (now UTs of J&K and Laddakh), where Aadhaar number has not been issued to most of the citizens, and therefore these States have been exempted from the requirement till 31't N/arch, 2020. ln these States / UTs, Aadhaar number shall be collected for those beneficiaries where it is available and for others alternate prescribed documents can be collected for identity verification purposes by the States/UT Governments, like Aadhaar Enrollment 18. ls any person / farmer who is cultivating a land but is not having the land holding in his / her own name, for example tenant farmers, is eligible to get benefit under the Scheme? (iii) (iv) Number and / or any other prescribed documents for purposes of the identification such as Driving Licence, Voters' lD Card, NREGA Job Card, or any other identification documents issued by Central/State/UT Governments or their authoritres, etc.) Bank Account Number and IFSC Code. [\tlobile number - though it is not mandatory but it is advised that when available it may be provided so that the information related to transfer of benefit can be communicated."
16,"Ayushman Bharat card banwane ke liye jo beneficiaries Haryana Mukhyamantri Antyodaya Parivar Utthan Yojana ke under aate hain, unka annual family income 1.80 lakh se kam hona chahiye, toh ve eligible hain",SUPPORTED,0.99,Ayushman Bharat,"[Ayushman Bharat] What is the process for inclusion of beneficiaries of Haryana Mukhyamantri Antyodaya Parivar Utthan Yojana? The beneficiaries under Mukhyamantri Antyodaya Parivar Utthan Yojana whose annual family income is less than 1.80 Lakh are eligible for availing benefits under AB-PMJAY. The eligible beneficiaries do not require to submit any request letter / entitlement letter. They can get their Ayushman Bharat card at Ayushman Kiosk in all PMJAY empanelled hospitals and from the Common Services Centers (CSC).
---
[Ayushman Bharat] Can I have to pay any amount beyond the wallet size under Ayushman Bharat Pradhan Mantri Jan Arogya Yojana? PM-JAY provides cashless cover of up to INR 5,00,000 only to each eligible family per annum for listed secondary and tertiary care conditions. Any amount incurred in respect to medical expenses beyond Rs. 5,00,000 per year per family has to borne by the beneficiary."
16,"Unhe koi request letter ya entitlement letter dena nahi padta, bas Ayushman Kiosk ya Common Services Centers (CSC) se apna Ayushman Bharat card le sakte hain",SUPPORTED,0.99,Ayushman Bharat,"[Ayushman Bharat] From where a beneficiary can get Ayushman card? Beneficiary can get their Ayushman Bharat card at Ayushman Kiosk in all PMJAY empanelled hospitals and from the Common Services Centers (CSC).
---
[Ayushman Bharat] What is the process for inclusion of beneficiaries of Haryana Mukhyamantri Antyodaya Parivar Utthan Yojana? The beneficiaries under Mukhyamantri Antyodaya Parivar Utthan Yojana whose annual family income is less than 1.80 Lakh are eligible for availing benefits under AB-PMJAY. The eligible beneficiaries do not require to submit any request letter / entitlement letter. They can get their Ayushman Bharat card at Ayushman Kiosk in all PMJAY empanelled hospitals and from the Common Services Centers (CSC)."
17,Ayushman Bharat Pradhan Mantri Jan Arogya Yojana ke beneficiaries ke bare mein diya gaya context sirf unlogon ke bare mein batata hai jo SECC-2011 database mein specific categories mein aate hain,SUPPORTED,0.98,Ayushman Bharat,"[Ayushman Bharat] Who were the beneficiaries of Ayushman Bharat Pradhan Mantri Jan Arogya Yojana? At present those persons will be considered as beneficiary of the Ayushman Bharat Pradhan Mantri Jan Arogya Yojana who were covered under specific categories of SECC-2011 database of Govt. of India.
---
[Ayushman Bharat] Is there any Income criteria for eligibility under Ayushman Bharat Pradhan Mantri Jan Arogya Yojana? Can I take any benefits if I am not covered in SECC-2011 database? No."
17,Haryana Mukhyamantri Antyodaya Parivar Utthan Yojana ke beneficiaries jinki annual family income 1.80 lakh se kam hai,SUPPORTED,0.98,Ayushman Bharat,"[Ayushman Bharat] What is the process for inclusion of beneficiaries of Haryana Mukhyamantri Antyodaya Parivar Utthan Yojana? The beneficiaries under Mukhyamantri Antyodaya Parivar Utthan Yojana whose annual family income is less than 1.80 Lakh are eligible for availing benefits under AB-PMJAY. The eligible beneficiaries do not require to submit any request letter / entitlement letter. They can get their Ayushman Bharat card at Ayushman Kiosk in all PMJAY empanelled hospitals and from the Common Services Centers (CSC).
---
[Ayushman Bharat] What are the benefits of Ayushman Bharat Pradhan Mantri Jan Arogya Yojana? PM-JAY provides cashless cover of up to INR 5,00,000 to each eligible family per annum for listed secondary and tertiary care conditions. The cover under the scheme includes all expenses incurred on the following components of the treatment. Medical examination, treatment and consultation Pre-hospitalization Medicine and medical consumables Non-intensive and intensive care services Diagnostic and laboratory investigations Medical implantation services (where necessary) Accommodation benefits Food services Complications arising during treatment Post-hospitalization follow-up care up to 15 days The benefits of INR 5,00,000 are on a family floater basis which means that it can be used by one or all members of the family. The RSBY had a family cap of five members. However, based on learning from those schemes, PMJAY has been designed in such a way that there is no cap on family size or age of members. In addition, pre-existing diseases are covered from the very first day. This means that any eligible person suffering from any medical condition before being covered by PM-JAY will now be able to get treatment for all those medical conditions as well under this scheme right from the day they are enrolled."
17,Private sector employees ke bare mein koi jankari nahi di gayi hai,SUPPORTED,0.95,Ayushman Bharat,"[Ayushman Bharat] Acting as a steward, align the growth of private sector with public health goals.
---
[Ayushman Bharat] Improved quality of life for the population."
17,hum keh nahi sakte ki ve iska labh le sakte hain ya nahi,CONTRADICTED,0.85,Ayushman Bharat,"[Ayushman Bharat] Hospitals will not be allowed to charge any additional money from beneficiaries for the treatment.
---
[Ayushman Bharat] Does the scheme covers OPD services? No"
